RANKING 2025 - LIGA OESTE PAULISTA DE TÊNIS DE MESA,,,,,,,,,,,,
,,,,,,,,,,,,
COL,NOME,EQUIPE,CATEGORIA,TOTAL,Marília,Assis,Ourinhos,Araçatuba,S.J.Rio Preto,Birigui,Bauru,P.Prudente
,Gisela Maria Santos Bronze,ARAÇA PONG / SMELR ARAÇATUBA – SP,ABSOLUTO A (FEM),340,0,80,130,130,,,,
,Jessica Silva Prates,ASSOCIAÇÃO NIKKEY SÃO JOSÉ DOS CAMPOS - SP,ABSOLUTO A (FEM),260,130,130,0,0,,,,
,Giovana Marinatto Da Silva,YARA CLUBE/ACADEMIA NELSON MACHADO/SELJ-MARÍLIA-SP,ABSOLUTO A (FEM),125,80,45,0,0,,,,
,Betina Gabriella Motta Bueno,ASSOCIAÇÃO OURINHENSE DE BEM ESTAR-SP,ABSOLUTO A (FEM),125,0,0,80,45,,,,
,Priscila Fernanda Alves,YARA CLUBE/ACADEMIA NELSON MACHADO/SELJ-MARÍLIA-SP,ABSOLUTO A (FEM),90,0,45,45,0,,,,
,Sigrid Ane Santana,CLUBE LENÇOENSE DE TÊNIS DE MESA-LIGA-SP,ABSOLUTO A (FEM),90,10,25,45,10,,,,
,Fernanda Maki Tanaka,YARA CLUBE/ACADEMIA NELSON MACHADO/SELJ-MARÍLIA-SP,ABSOLUTO A (FEM),80,0,0,0,80,,,,
,Lorena Ingegneri Monteiro De Castro,ACERT TUPÃ - LIGA - SP,ABSOLUTO A (FEM),75,25,25,0,25,,,,
,Marina Arita Falha,ACERT TUPÃ - LIGA - SP,ABSOLUTO A (FEM),75,25,25,0,25,,,,
,Gabrielle Lu Fan,ACERT TUPÃ - LIGA - SP,ABSOLUTO A (FEM),60,10,25,0,25,,,,
,Ana Claudia Cressoni De Conti,NEW PONG ACADEMIA DE TÊNIS DE MESA/SJRP-SP,ABSOLUTO A (FEM),45,45,0,0,0,,,,
,Kathleen Caroline De Oliveira Campos,YARA CLUBE/ACADEMIA NELSON MACHADO/SELJ-MARÍLIA-SP,ABSOLUTO A (FEM),45,45,0,0,0,,,,
,Sarah Alves Gomes Da Silva,ACERT TUPÃ - LIGA - SP,ABSOLUTO A (FEM),45,0,0,0,45,,,,
,Thalita Tiemi Kubo Nabeshima,NEW PONG ACADEMIA DE TÊNIS DE MESA/SJRP-SP,ABSOLUTO A (FEM),35,10,0,25,0,,,,
,Lara Pereira De Souza,NEW PONG ACADEMIA DE TÊNIS DE MESA/SJRP-SP,ABSOLUTO A (FEM),25,25,0,0,0,,,,
,Luana Tiemi Taniguti,NEW PONG ACADEMIA DE TÊNIS DE MESA/SJRP-SP,ABSOLUTO A (FEM),25,25,0,0,0,,,,
,Karolen Santana Rossi,NEW PONG - SÃO JOSÉ DO RIO PRETO/SP - ACADEMIA DE TÊNIS DE MESA,ABSOLUTO A (FEM),25,0,0,0,25,,,,
,Paula Tamara Ikeda Zaith,ACERT TUPÃ - LIGA - SP,ABSOLUTO A (FEM),20,10,10,0,0,,,,
,Nathália Machado Ortolano ,ACERT TUPÃ - LIGA - SP,ABSOLUTO A (FEM),20,10,0,0,10,,,,
,Carolina Colla Ferro,ACERT TUPÃ - LIGA - SP,ABSOLUTO A (FEM),10,0,10,0,0,,,,
,Melissa Kazumi Hyodo,ACERT TUPÃ - LIGA - SP,ABSOLUTO A (FEM),10,10,0,0,0,,,,
,Luana De Lima,NEW PONG - SÃO JOSÉ DO RIO PRETO/SP - ACADEMIA DE TÊNIS DE MESA,ABSOLUTO A (FEM),10,0,0,0,10,,,,
,Dyovanna Malta Bistaffa,ARAÇA PONG / SMELR ARAÇATUBA – SP,ABSOLUTO A (FEM),10,0,0,0,10,,,,
,João Pedro Ribeiro Mira,ASSOCIAÇÃO CULTURAL E DESPORTIVA DE ASSIS - SP,ABSOLUTO A (MAS),470,80,130,130,130,,,,
,Breno Panini Souza,ASSOC. NOVA ERA DE T.M.-SP,ABSOLUTO A (MAS),290,130,0,80,80,,,,
,Bruno Henrique Pimentel,NEW PONG ACADEMIA DE TÊNIS DE MESA/SJRP-SP,ABSOLUTO A (MAS),160,25,80,45,10,,,,
,Lucas Bispo Dos Santos,ARAÇA PONG / SMELR ARAÇATUBA – SP,ABSOLUTO A (MAS),120,25,25,45,25,,,,
,Felipe Antoniazzi De Oliveira,YARA CLUBE/ACADEMIA NELSON MACHADO/SELJ-MARÍLIA-SP,ABSOLUTO A (MAS),120,25,45,25,25,,,,
,Fábio Jorge Viccari,ASSOC. NOVA ERA DE T.M.-SP,ABSOLUTO A (MAS),115,45,45,25,0,,,,
,Khristopher Keiske Ogasawara,ASSOC. NOVA ERA DE T.M.-SP,ABSOLUTO A (MAS),90,45,0,0,45,,,,
,Matheus L Silva,BIRIGUI,ABSOLUTO A (MAS),70,10,10,25,25,,,,
,Alexandre Jorge Ribeiro ,PRESIDENTE VENCESLAU-SP,ABSOLUTO A (MAS),70,25,10,25,10,,,,
,Luan Pagliari De Brito,MIRASSOL TENIS DE MESA,ABSOLUTO A (MAS),45,0,0,0,45,,,,
,Luiz Da Silva Ribeiro Junior,TM OESTE PAULISTA–PRESIDENTE EPITÁCIO -SP,ABSOLUTO A (MAS),45,0,10,10,25,,,,
,Hélio Sadao Takasu,ASSOCIAÇÃO OURINHENSE DE BEM ESTAR-SP,ABSOLUTO A (MAS),45,10,25,0,10,,,,
,Alan Tajero,ASSOCIAÇÃO CULTURAL E DESPORTIVA DE ASSIS - SP,ABSOLUTO A (MAS),40,10,10,10,10,,,,
,Cauan Silva E Sousa ,NEW PONG ACADEMIA DE TÊNIS DE MESA/SJRP-SP,ABSOLUTO A (MAS),40,10,10,10,10,,,,
,Étore Vinícius Lazarini,YARA CLUBE/ACADEMIA NELSON MACHADO/SELJ-MARÍLIA-SP,ABSOLUTO A (MAS),40,10,10,10,10,,,,
,Felipe Pereira Rosa ,ASSOCIAÇÃO CULTURAL E DESPORTIVA DE ASSIS - SP,ABSOLUTO A (MAS),40,10,10,10,10,,,,
,João Victor Tolardo Ferreira,DRACENA TM-SP,ABSOLUTO A (MAS),40,10,10,10,10,,,,
,Lucas  Guedes  Lanza,TM ÁLVARES MACHADO-LIGA-SP,ABSOLUTO A (MAS),40,10,10,10,10,,,,
,Matheus Bazichetto Martins Dos Passos,ARAÇA PONG / SMELR ARAÇATUBA – SP,ABSOLUTO A (MAS),40,10,10,10,10,,,,
,Murilo Feliciano Oliveira,ACERT TUPÃ - LIGA - SP,ABSOLUTO A (MAS),40,10,10,10,10,,,,
,Rodrigo Milane Silva,ASSOCIAÇÃO OURINHENSE DE BEM ESTAR-SP,ABSOLUTO A (MAS),40,10,10,10,10,,,,
,César Cremonezi,PRESIDENTE VENCESLAU-SP,ABSOLUTO A (MAS),30,10,10,10,0,,,,
,João Pedro Nunes Machado,ASSOC. NOVA ERA DE T.M.-SP,ABSOLUTO A (MAS),30,10,10,10,0,,,,
,Leonardo Pereira Tamelini,ASSOCIAÇÃO CULTURAL E DESPORTIVA DE ASSIS - SP,ABSOLUTO A (MAS),30,10,10,10,0,,,,
,João Vitor Anhê Peres,ARAÇA PONG / SMELR ARAÇATUBA – SP,ABSOLUTO A (MAS),30,0,10,10,10,,,,
,Felipe Bondi Gravatim,ACERT TUPÃ - LIGA - SP,ABSOLUTO A (MAS),30,0,10,10,10,,,,
,Antonio Vinicius Tsuyoshi Araki,ACERT TUPÃ - LIGA - SP,ABSOLUTO A (MAS),30,10,0,10,10,,,,
,Guilherme Cesar Ferreira Furtado,ASSOCIAÇÃO CULTURAL E DESPORTIVA DE ASSIS - SP,ABSOLUTO A (MAS),25,0,25,0,0,,,,
,Lucas Nelington De Oliveira Paula,ASSOCIAÇÃO CULTURAL E DESPORTIVA DE ASSIS - SP,ABSOLUTO A (MAS),25,0,25,0,0,,,,
,Anderson Figueiredo Santos ,ASSOCIAÇÃO OURINHENSE DE BEM ESTAR-SP,ABSOLUTO A (MAS),20,0,10,10,0,,,,
,Joao Vitor Ferreira De Souza ,ASSOCIAÇÃO CULTURAL E DESPORTIVA DE ASSIS - SP,ABSOLUTO A (MAS),20,0,10,10,0,,,,
,André En Lih Liang,NEW PONG ACADEMIA DE TÊNIS DE MESA/SJRP-SP,ABSOLUTO A (MAS),20,10,0,10,0,,,,
,Caetano Moraes Cavedal,NEW PONG ACADEMIA DE TÊNIS DE MESA/SJRP-SP,ABSOLUTO A (MAS),20,10,0,10,0,,,,
,Caio Xanddy Moltocaro Da Silva,TM OESTE PAULISTA–PRESIDENTE EPITÁCIO -SP,ABSOLUTO A (MAS),20,10,0,10,0,,,,
,Guilherme Manfio,ASSOCIAÇÃO CULTURAL E DESPORTIVA DE ASSIS - SP,ABSOLUTO A (MAS),20,10,0,10,0,,,,
,Guilherme Matheus  De Paris,ARTM/ACER - ROLÂNDIA - PR,ABSOLUTO A (MAS),20,10,0,10,0,,,,
,Rafael Andrade Franco,NEW PONG ACADEMIA DE TÊNIS DE MESA/SJRP-SP,ABSOLUTO A (MAS),20,10,0,10,0,,,,
,Danilo De Moura Lima,ACERT TUPÃ - LIGA - SP,ABSOLUTO A (MAS),20,10,10,0,0,,,,
,Jose Roberto Geris Da Costa,YARA CLUBE/ACADEMIA NELSON MACHADO/SELJ-MARÍLIA-SP,ABSOLUTO A (MAS),20,10,10,0,0,,,,
,Misael Da Silva ,ASSOCIAÇÃO CULTURAL E DESPORTIVA DE ASSIS - SP,ABSOLUTO A (MAS),20,10,10,0,0,,,,
,Fernando Dos Santos  Silva,BIRIGUI,ABSOLUTO A (MAS),20,10,0,0,10,,,,
,Andre Figueiredo Dos Santos ,ASSOCIAÇÃO OURINHENSE DE BEM ESTAR-SP,ABSOLUTO A (MAS),10,0,0,10,0,,,,
,Iury Raphael Reze Jodas ,ACERT TUPÃ - LIGA - SP,ABSOLUTO A (MAS),10,0,10,0,0,,,,
,Leonardo Santana Serdan,NEW PONG ACADEMIA DE TÊNIS DE MESA/SJRP-SP,ABSOLUTO A (MAS),10,0,10,0,0,,,,
,Alison Beltramin,CLUBE LENÇOENSE DE TÊNIS DE MESA-LIGA-SP,ABSOLUTO A (MAS),10,10,0,0,0,,,,
,Gabriel Contiero Battistam,TENIS DE MESA PAULISTA-OSVALDO CRUZ-SP,ABSOLUTO A (MAS),10,10,0,0,0,,,,
,Tiago Montanha Basso,ACERT TUPÃ - LIGA - SP,ABSOLUTO A (MAS),10,10,0,0,0,,,,
,Tiago Silva Kakeya,ASSOC. NOVA ERA DE T.M.-SP,ABSOLUTO A (MAS),10,10,0,0,0,,,,
,Giovane Ferreira Da Silva,MIRASSOL TENIS DE MESA,ABSOLUTO A (MAS),10,0,0,0,10,,,,
,Joao Pedro Yukio Ishida,TM ÁLVARES MACHADO-LIGA-SP,ABSOLUTO A (MAS),10,0,0,0,10,,,,
,Nicolas Dos Santos Lourenço ,MIRASSOL TENIS DE MESA,ABSOLUTO A (MAS),10,0,0,0,10,,,,
,Gabriel Vinicius Lopes Dos Santos ,TÊNIS DE MESA DE VOTUPORANGA-LIGA,ABSOLUTO A (MAS),0,0,0,0,0,,,,
,Natalia Yuri Arakaki,ASSOCIAÇÃO CULTURAL E DESPORTIVA DE ASSIS - SP,LADY 30,340,80,130,130,0,,,,
,Angela Cristina De Oliveira Marques,YARA CLUBE/ACADEMIA NELSON MACHADO/SELJ-MARÍLIA-SP,LADY 30,300,45,45,80,130,,,,
,Isabela Cristina Vizoni,CLUBE LENÇOENSE DE TÊNIS DE MESA-LIGA-SP,LADY 30,290,130,80,0,80,,,,
,Sara Eliza Pinheiro,ASSOCIAÇÃO CULTURAL E DESPORTIVA DE ASSIS - SP,LADY 30,140,45,25,45,25,,,,
,Érica Fusako Marumoto,ASSOCIAÇÃO OURINHENSE DE BEM ESTAR-SP,LADY 30,115,0,25,45,45,,,,
,Lilian Dos Santos Cardoso,BIRIGUI,LADY 30,75,0,25,25,25,,,,
,Marta Aparecida Machado ,ASSOCIAÇÃO OURINHENSE DE BEM ESTAR-SP,LADY 30,75,0,25,25,25,,,,
,Bianca Chrystine Da Silva Watanabe ,ASSOCIAÇÃO CULTURAL E DESPORTIVA DE ASSIS - SP,LADY 30,45,0,45,0,0,,,,
,Priscila Galbiatti Vespa Imamura,NEW PONG - SÃO JOSÉ DO RIO PRETO/SP - ACADEMIA DE TÊNIS DE MESA,LADY 30,45,0,0,0,45,,,,
,Jany Lucia Mantovan Yassuda,NEW PONG - SÃO JOSÉ DO RIO PRETO/SP - ACADEMIA DE TÊNIS DE MESA,LADY 30,25,0,0,0,25,,,,
,Henrique Eduardo Ferreira De Souza,YARA CLUBE/ACADEMIA NELSON MACHADO/SELJ-MARÍLIA-SP,SÊNIOR 30,335,45,80,130,80,,,,
,Caio César Gardenal,BIRIGUI,SÊNIOR 30,245,45,45,25,130,,,,
,Eduardo Henrique Ferri Salinas,NEW PONG ACADEMIA DE TÊNIS DE MESA/SJRP-SP,SÊNIOR 30,220,80,130,10,0,,,,
,Claudio Massad,SESI-SP/INSTITUTO MATOSTT,SÊNIOR 30,130,130,0,0,0,,,,
,Mário Henrique De Almeida Zocante,ASSOCIAÇÃO OURINHENSE DE BEM ESTAR-SP,SÊNIOR 30,115,25,45,45,0,,,,
,Júlio César Pereira,ARAÇA PONG / SMELR ARAÇATUBA – SP,SÊNIOR 30,100,25,25,25,25,,,,
,Felipe Fernandes Silveira,ASSOCIAÇÃO OURINHENSE DE BEM ESTAR-SP,SÊNIOR 30,95,25,25,45,0,,,,
,Wagner Júnior Dos Santos Da Fonseca,ASSOCIAÇÃO OURINHENSE DE BEM ESTAR-SP,SÊNIOR 30,90,10,0,80,0,,,,
,Marcus Vinicius Maia Da Cruz,NEW PONG ACADEMIA DE TÊNIS DE MESA/SJRP-SP,SÊNIOR 30,70,0,25,0,45,,,,
,Douglas Cassiano De Pais,ASSOCIAÇÃO OURINHENSE DE BEM ESTAR-SP,SÊNIOR 30,70,10,25,25,10,,,,
,Tiago Silva Kakeya,ASSOC. NOVA ERA DE T.M.-SP,SÊNIOR 30,50,0,0,25,25,,,,
,Adriano Eira Dos Santos Sacras,YARA CLUBE/ACADEMIA NELSON MACHADO/SELJ-MARÍLIA-SP,SÊNIOR 30,45,25,10,10,0,,,,
,Luís Gustavo De Oliveira Vilela,ARAÇA PONG / SMELR ARAÇATUBA – SP,SÊNIOR 30,45,0,0,0,45,,,,
,Marcelo De Sotti Sabbo Sanches,TENIS DE MESA PAULISTA-OSVALDO CRUZ-SP,SÊNIOR 30,45,0,10,10,25,,,,
,Erik Hideki Higuchi,ACERT TUPÃ - LIGA - SP,SÊNIOR 30,40,10,10,10,10,,,,
,Rafael Eidi Tsukahara,YARA CLUBE/ACADEMIA NELSON MACHADO/SELJ-MARÍLIA-SP,SÊNIOR 30,40,10,10,10,10,,,,
,Vinicius Gomes De Aguiar,ASSOC. NOVA ERA DE T.M.-SP,SÊNIOR 30,40,10,10,10,10,,,,
,Matheus Forte Amarante,NEW PONG ACADEMIA DE TÊNIS DE MESA/SJRP-SP,SÊNIOR 30,35,10,0,0,25,,,,
,João Paulo Guazelli Souto De Oliveira ,ASSOCIAÇÃO CULTURAL E DESPORTIVA DE ASSIS - SP,SÊNIOR 30,30,10,10,10,0,,,,
,Lucas Alves Gonçalves ,TM ÁLVARES MACHADO-LIGA-SP,SÊNIOR 30,30,10,10,10,0,,,,
,João Vitor De Oliveira Cara,ACERT TUPÃ - LIGA - SP,SÊNIOR 30,30,0,10,10,10,,,,
,Thiago Fonseca Tahara,ARAÇA PONG / SMELR ARAÇATUBA – SP,SÊNIOR 30,30,0,10,10,10,,,,
,Wagner Willian Pescara ,CLUBE LENÇOENSE DE TÊNIS DE MESA-LIGA-SP,SÊNIOR 30,30,0,10,10,10,,,,
,Guilherme Pedon Makauskas,ASSOC. NOVA ERA DE T.M.-SP,SÊNIOR 30,30,10,0,10,10,,,,
,Ednei Carlos Da Silva,ARAÇA PONG / SMELR ARAÇATUBA – SP,SÊNIOR 30,30,10,10,0,10,,,,
,Anderson Filipe Chaves,ASSOCIAÇÃO OURINHENSE DE BEM ESTAR-SP,SÊNIOR 30,20,0,10,10,0,,,,
,Diego Pereira De Souza,ASSOCIAÇÃO OURINHENSE DE BEM ESTAR-SP,SÊNIOR 30,20,0,10,10,0,,,,
,Sandro Hilla,TECHPONG ACADEMY/TIBHAR/COC SANTA CATARINA - SC,SÊNIOR 30,20,10,0,10,0,,,,
,Ruan Faustino Souza,ASSOCIAÇÃO CULTURAL E DESPORTIVA DE ASSIS - SP,SÊNIOR 30,20,10,10,0,0,,,,
,Gabriel Dos Santos Godoy Ura,ASSOC. NOVA ERA DE T.M.-SP,SÊNIOR 30,20,0,0,10,10,,,,
,Alessandro Luiz De Freitas,CLUBE LENÇOENSE DE TÊNIS DE MESA-LIGA-SP,SÊNIOR 30,20,10,0,0,10,,,,
,Caio Andre Marques,ASSOCIAÇÃO CULTURAL E DESPORTIVA DE ASSIS - SP,SÊNIOR 30,10,0,0,10,0,,,,
,Rafael Bernardo Messias,ASSOCIAÇÃO OURINHENSE DE BEM ESTAR-SP,SÊNIOR 30,10,0,0,10,0,,,,
,Fabio Luca Tomilheiro Junior,ASSOCIAÇÃO CULTURAL E DESPORTIVA DE ASSIS - SP,SÊNIOR 30,10,0,10,0,0,,,,
,Kaique De Andrade Tomazinho,ACADEMIA FITPONG DE TÊNIS DE MESA-PR,SÊNIOR 30,10,0,10,0,0,,,,
,Pedro Henrique Benites Aoki,ASSOCIAÇÃO CULTURAL E DESPORTIVA DE ASSIS - SP,SÊNIOR 30,10,0,10,0,0,,,,
,Vitor Hugo Garcia De Souza ,ASSOCIAÇÃO CULTURAL E DESPORTIVA DE ASSIS - SP,SÊNIOR 30,10,0,10,0,0,,,,
,Gabriel Lin Wang,YARA CLUBE/ACADEMIA NELSON MACHADO/SELJ-MARÍLIA-SP,SÊNIOR 30,10,10,0,0,0,,,,
,Jonathan Braga,ASSOCIAÇÃO CULTURAL E DESPORTIVA DE ASSIS - SP,SÊNIOR 30,10,10,0,0,0,,,,
,Fabrício Martinho Dos Santos ,ARAÇA PONG / SMELR ARAÇATUBA – SP,SÊNIOR 30,10,0,0,0,10,,,,
,Gabriel Silva Tinem,ARAÇA PONG / SMELR ARAÇATUBA – SP,SÊNIOR 30,10,0,0,0,10,,,,
,Guilherme Henrique Tomazini,BIRIGUI-SP,SÊNIOR 30,10,0,0,0,10,,,,
,João Victor De Oliveira Flores,TÊNIS DE MESA DE VOTUPORANGA-LIGA,SÊNIOR 30,10,0,0,0,10,,,,
,Renan Terassaka Dias,ARAÇA PONG / SMELR ARAÇATUBA – SP,SÊNIOR 30,10,0,0,0,10,,,,
,Gabriela Dell Aringa De Araujo,YARA CLUBE/ACADEMIA NELSON MACHADO/SELJ-MARÍLIA-SP,SUB-09 FEM,520,130,130,130,130,,,,
,Lizzy Sanches Tohyama,ASSOCIAÇÃO CULTURAL E DESPORTIVA DE ASSIS - SP,SUB-09 FEM,320,80,80,80,80,,,,
,Ana Clara Abrucezzi Coqueiro,YARA CLUBE/ACADEMIA NELSON MACHADO/SELJ-MARÍLIA-SP,SUB-09 FEM,140,45,25,25,45,,,,
,Manuella Tassi Bazo,YARA CLUBE/ACADEMIA NELSON MACHADO/SELJ-MARÍLIA-SP,SUB-09 FEM,90,45,45,0,0,,,,
,Elisa Fernandes De Souza,TENIS DE MESA PAULISTA-OSVALDO CRUZ-SP,SUB-09 FEM,70,0,45,25,0,,,,
,Beatriz Kaori Nagae Miyashiro,ASSOCIAÇÃO OURINHENSE DE BEM ESTAR-SP,SUB-09 FEM,45,0,0,45,0,,,,
,Gabriela Gama Pavan,ASSOCIAÇÃO OURINHENSE DE BEM ESTAR-SP,SUB-09 FEM,45,0,0,45,0,,,,
,Jhenifer Garcia Da Silva,ASSOCIAÇÃO CULTURAL E DESPORTIVA DE ASSIS - SP,SUB-09 FEM,25,0,25,0,0,,,,
,João Pedro Martins Carvalho,YARA CLUBE/ACADEMIA NELSON MACHADO/SELJ-MARÍLIA-SP,SUB-09 MAS,520,130,130,130,130,,,,
,Felipe Xavier Dos Santos,YARA CLUBE/ACADEMIA NELSON MACHADO/SELJ-MARÍLIA-SP,SUB-09 MAS,170,45,80,45,0,,,,
,Otávio Grandini Figueiredo Martins ,ASSOCIAÇÃO OURINHENSE DE BEM ESTAR-SP,SUB-09 MAS,150,0,45,25,80,,,,
,Isaac Eduardo Maria Barbosa,YARA CLUBE/ACADEMIA NELSON MACHADO/SELJ-MARÍLIA-SP,SUB-09 MAS,125,45,25,10,45,,,,
,Diego De Araujo Moura Gouveia,ACERT TUPÃ - LIGA - SP,SUB-09 Mas,115,0,45,25,45,,,,
,Ryan Daniel Prato Lopes,YARA CLUBE/ACADEMIA NELSON MACHADO/SELJ-MARÍLIA-SP,SUB-09 MAS,85,25,25,10,25,,,,
,Noah Quagliato Breve,ASSOCIAÇÃO OURINHENSE DE BEM ESTAR-SP,SUB-09 MAS,80,0,0,80,0,,,,
,Davi Magnani Rodrigues Padula ,YARA CLUBE/ACADEMIA NELSON MACHADO/SELJ-MARÍLIA-SP,SUB-09 MAS,80,80,0,0,0,,,,
,Miguel Faria De Araujo,YARA CLUBE/ACADEMIA NELSON MACHADO/SELJ-MARÍLIA-SP,SUB-09 MAS,70,25,10,10,25,,,,
,Rafael Hilla,NEW PONG ACADEMIA DE TÊNIS DE MESA/SJRP-SP,SUB-09 MAS,50,25,0,25,0,,,,
,Antônio Quagliato Porto,ASSOCIAÇÃO OURINHENSE DE BEM ESTAR-SP,SUB-09 MAS,45,0,0,45,0,,,,
,Bento Storniolo De Souza,ASSOCIAÇÃO OURINHENSE DE BEM ESTAR-SP,SUB-09 MAS,25,0,0,25,0,,,,
,Antonio Luca Silverio,ASSOCIAÇÃO CULTURAL E DESPORTIVA DE ASSIS - SP,SUB-09 MAS,25,0,25,0,0,,,,
,Felipe André Franciscani,ASSOCIAÇÃO CULTURAL E DESPORTIVA DE ASSIS - SP,SUB-09 MAS,25,0,25,0,0,,,,
,Breno Henrique Borges De Paula ,ASSOCIAÇÃO OURINHENSE DE BEM ESTAR-SP,SUB-09 MAS,10,0,0,10,0,,,,
,Jorge Miguel Venâncio Gregório ,ASSOCIAÇÃO OURINHENSE DE BEM ESTAR-SP,SUB-09 MAS,10,0,0,10,0,,,,
,Joshua Carelli Bento ,ASSOCIAÇÃO OURINHENSE DE BEM ESTAR-SP,SUB-09 MAS,10,0,0,10,0,,,,
,Yago Augusto Lopes Barbosa,ASSOCIAÇÃO CULTURAL E DESPORTIVA DE ASSIS - SP,SUB-09 MAS,10,0,10,0,0,,,,
,Caroline Messias Loureiro,YARA CLUBE/ACADEMIA NELSON MACHADO/SELJ-MARÍLIA-SP,SUB-11 FEM,420,130,130,80,80,,,,
,Julia Brabo Silva,YARA CLUBE/ACADEMIA NELSON MACHADO/SELJ-MARÍLIA-SP,SUB-11 FEM,335,80,80,45,130,,,,
,Ana Clara De Oliveira Macêra,YARA CLUBE/ACADEMIA NELSON MACHADO/SELJ-MARÍLIA-SP,SUB-11 FEM,180,45,45,45,45,,,,
,Luiza Beltrame Santos ,ASSOC.JAUENSE DE T.M./PREFEITURA DE JAÚ-SP,SUB-11 FEM,130,0,0,130,0,,,,
,Laura De Oliveira Colombo,YARA CLUBE/ACADEMIA NELSON MACHADO/SELJ-MARÍLIA-SP,SUB-11 FEM,120,25,25,25,45,,,,
,Ayla Miwa Miyagui Oku,ACERT TUPÃ - LIGA - SP,SUB-11 FEM,95,25,45,25,0,,,,
,Maria Paula Soares Pistori ,ARAÇA PONG / SMELR ARAÇATUBA – SP,SUB-11 FEM,75,25,0,25,25,,,,
,Melissa Shiro Taniguchi,ACERT TUPÃ - LIGA - SP,SUB-11 FEM,70,45,25,0,0,,,,
,Kauani Souza Belloto,TM OESTE PAULISTA LUCELIA-SP-LIGA,SUB-11 FEM,50,0,25,0,25,,,,
,Ana Laura E Almeida ,YARA CLUBE/ACADEMIA NELSON MACHADO/SELJ-MARÍLIA-SP,SUB-11 FEM,45,25,10,10,0,,,,
,Maria Luiza Silvestrini,ASSOCIAÇÃO OURINHENSE DE BEM ESTAR-SP,SUB-11 FEM,25,0,0,25,0,,,,
,Lais Sussel Dias,ASSOCIAÇÃO CULTURAL E DESPORTIVA DE ASSIS - SP,SUB-11 FEM,25,0,25,0,0,,,,
,Antônio Lorenzo Norberto Santana De Souza,YARA CLUBE/ACADEMIA NELSON MACHADO/SELJ-MARÍLIA-SP,SUB-11 MAS,520,130,130,130,130,,,,
,Miguel Chagas De Almeida ,ASSOC. NOVA ERA DE T.M.-SP,SUB-11 MAS,170,0,80,10,80,,,,
,Benjamin Hilla,NEW PONG ACADEMIA DE TÊNIS DE MESA/SJRP-SP,SUB-11 MAS,160,80,0,80,0,,,,
,Igor Fernandes Orlando,TENIS DE MESA PAULISTA-OSVALDO CRUZ-SP,SUB-11 MAS,160,45,25,45,45,,,,
,Heitor Kenzo Vespa Imamura,NEW PONG ACADEMIA DE TÊNIS DE MESA/SJRP-SP,SUB-11 MAS,160,45,45,45,25,,,,
,Lucas Castelli Tahara,ARAÇA PONG / SMELR ARAÇATUBA – SP,SUB-11 MAS,105,10,45,25,25,,,,
,Tiago Yera Nakajum,YARA CLUBE/ACADEMIA NELSON MACHADO/SELJ-MARÍLIA-SP,SUB-11 MAS,90,25,10,10,45,,,,
,Kaio Augusto Ferreira De Araújo,YARA CLUBE/ACADEMIA NELSON MACHADO/SELJ-MARÍLIA-SP,SUB-11 MAS,60,25,10,0,25,,,,
,Davi Teodoro De Lima,ASSOC. NOVA ERA DE T.M.-SP,SUB-11 MAS,45,10,10,25,0,,,,
,Guilherme Barbosa Da Silva Santos,PRESIDENTE VENCESLAU-SP,SUB-11 MAS,45,10,10,0,25,,,,
,Henrique Mesquita Serva Reis,YARA CLUBE/ACADEMIA NELSON MACHADO/SELJ-MARÍLIA-SP,SUB-11 MAS,45,0,25,10,10,,,,
,Luan Leonardi ,ASSOC. NOVA ERA DE T.M.-SP,SUB-11 MAS,40,10,10,10,10,,,,
,Miguel Kengi Mantovan Yassuda,NEW PONG ACADEMIA DE TÊNIS DE MESA/SJRP-SP,SUB-11 MAS,40,10,10,10,10,,,,
,Nicollas Gabriel Pego,YARA CLUBE/ACADEMIA NELSON MACHADO/SELJ-MARÍLIA-SP,SUB-11 MAS,40,10,10,10,10,,,,
,Pedro Henrique Araujo,TENIS DE MESA PAULISTA-OSVALDO CRUZ-SP,SUB-11 MAS,40,10,10,10,10,,,,
,Arthur Masato Nobuyasu Vasconcelos,ASSOCIAÇÃO OURINHENSE DE BEM ESTAR-SP,SUB-11 MAS,35,0,25,10,0,,,,
,Oliver Manzini Almeida,ACERT TUPÃ - LIGA - SP,SUB-11 MAS,35,10,25,0,0,,,,
,Henrique Clemente Paião,ASSOCIAÇÃO CULTURAL E DESPORTIVA DE ASSIS - SP,SUB-11 MAS,30,10,10,0,10,,,,
,Lorenzo Antônio Munefiça,ASSOCIAÇÃO OURINHENSE DE BEM ESTAR-SP,SUB-11 MAS,25,0,0,25,0,,,,
,Mathias Batista Batistela Gentil ,ASSOC.DE T.M.OESTE PAULISTA-PRES.PRUDENTE-LIGA-SP,SUB-11 MAS,25,0,0,25,0,,,,
,Enrico Esteves Stevanato,YARA CLUBE/ACADEMIA NELSON MACHADO/SELJ-MARÍLIA-SP,SUB-11 MAS,25,25,0,0,0,,,,
,Vitor Lacava De Brito,YARA CLUBE/ACADEMIA NELSON MACHADO/SELJ-MARÍLIA-SP,SUB-11 MAS,25,25,0,0,0,,,,
,Benício Souza Amaral,ASSOCIAÇÃO OURINHENSE DE BEM ESTAR-SP,SUB-11 MAS,20,0,10,10,0,,,,
,Guilherme Augusto De Oliveira Da Silva ,PRESIDENTE VENCESLAU-SP,SUB-11 MAS,20,0,0,10,10,,,,
,Samuel Gonçalves Galego,BIRIGUI,SUB-11 MAS,20,0,10,0,10,,,,
,Bernardo Henrique Borges De Paula ,ASSOCIAÇÃO OURINHENSE DE BEM ESTAR-SP,SUB-11 MAS,10,0,0,10,0,,,,
,Filipi Moraes Costa,ASSOCIAÇÃO OURINHENSE DE BEM ESTAR-SP,SUB-11 MAS,10,0,0,10,0,,,,
,Gabriel Montechiesi Maldonado,ASSOCIAÇÃO OURINHENSE DE BEM ESTAR-SP,SUB-11 MAS,10,0,0,10,0,,,,
,Miguel Maldonado Da Guia Rosa,ASSOCIAÇÃO OURINHENSE DE BEM ESTAR-SP,SUB-11 MAS,10,0,0,10,0,,,,
,Rafael Taiar Barbosa ,ASSOCIAÇÃO OURINHENSE DE BEM ESTAR-SP,SUB-11 MAS,10,0,0,10,0,,,,
,Augusto Fernoval Da Silva Justo,ASSOCIAÇÃO CULTURAL E DESPORTIVA DE ASSIS - SP,SUB-11 MAS,10,0,10,0,0,,,,
,Davi Miguel Ribeiro De Souza,ASSOCIAÇÃO CULTURAL E DESPORTIVA DE ASSIS - SP,SUB-11 MAS,10,0,10,0,0,,,,
,Francisco Melios Cruz,ARAÇA PONG / SMELR ARAÇATUBA – SP,SUB-11 MAS,10,0,0,0,10,,,,
,Sophia Pinheiro Miranda,ASSOCIAÇÃO CULTURAL E DESPORTIVA DE ASSIS - SP,SUB-13 FEM,420,80,80,130,130,,,,
,Agatha De Oliveira Rodrigues,ASSOCIAÇÃO OURINHENSE DE BEM ESTAR-SP,SUB-13 FEM,340,130,130,80,0,,,,
,Eva Gabriella Griao Fukasawa,PRESIDENTE VENCESLAU-SP,SUB-13 FEM,180,45,45,45,45,,,,
,Ana Clara Silva Moraes,ASSOCIAÇÃO OURINHENSE DE BEM ESTAR-SP,SUB-13 FEM,160,45,45,45,25,,,,
,Rhebeka Paderes De Souza,TENIS DE MESA PAULISTA-OSVALDO CRUZ-SP,SUB-13 FEM,120,25,25,25,45,,,,
,Yukina Nicole De Santana Ogihara,TENIS DE MESA PAULISTA-OSVALDO CRUZ-SP,SUB-13 FEM,100,25,25,25,25,,,,
,Isadora Ramos D' Elia ,MIRASSOL TENIS DE MESA,SUB-13 FEM,80,0,0,0,80,,,,
,Alice Akemi Babichi Tanaka,YARA CLUBE/ACADEMIA NELSON MACHADO/SELJ-MARÍLIA-SP,SUB-13 FEM,75,25,0,25,25,,,,
,Lays Dubowiski Mioto,ASSOCIAÇÃO OURINHENSE DE BEM ESTAR-SP,SUB-13 FEM,25,0,0,25,0,,,,
,Clara Martinho De Lazari Motta ,ACERT TUPÃ - LIGA - SP,SUB-13 FEM,25,25,0,0,0,,,,
,Helena Lopes Assem,YARA CLUBE/ACADEMIA NELSON MACHADO/SELJ-MARÍLIA-SP,SUB-13 FEM,25,0,0,0,25,,,,
,Maria Luiza Pasqualini Ramos ,ASSOCIAÇÃO OURINHENSE DE BEM ESTAR-SP,SUB-13 FEM,10,0,0,10,0,,,,
,Gabriel José Menezes Balbino Pereira,YARA CLUBE/ACADEMIA NELSON MACHADO/SELJ-MARÍLIA-SP,SUB-13 MAS,435,45,130,130,130,,,,
,Gabriel Fachini Maia ,BIRIGUI,SUB-13 MAS,265,130,45,80,10,,,,
,Felipe Barros Messias ,ASSOCIAÇÃO OURINHENSE DE BEM ESTAR-SP,SUB-13 MAS,230,80,45,25,80,,,,
,Yan Fellipe Gonçalves Mandu ,TM OESTE PAULISTA–PRESIDENTE EPITÁCIO -SP,SUB-13 MAS,150,25,80,45,0,,,,
,Guilherme Fonseca Santos,PRESIDENTE VENCESLAU-SP,SUB-13 MAS,140,25,25,45,45,,,,
,Mateus Kenji Tashiro,ARAÇA PONG / SMELR ARAÇATUBA – SP,SUB-13 MAS,120,45,25,25,25,,,,
,João Eduardo Ribeiro Mira ,YARA CLUBE/ACADEMIA NELSON MACHADO/SELJ-MARÍLIA-SP,SUB-13 MAS,70,10,10,25,25,,,,
,Samuel Davi Martins,TENIS DE MESA PAULISTA-OSVALDO CRUZ-SP,SUB-13 MAS,70,25,10,10,25,,,,
,Lucas M Marques,ASSOCIAÇÃO OURINHENSE DE BEM ESTAR-SP,SUB-13 MAS,65,0,10,10,45,,,,
,Nathan Sônego Araújo,ARAÇA PONG / SMELR ARAÇATUBA – SP,SUB-13 MAS,55,10,10,10,25,,,,
,Caio Henrique Messias Loureiro,YARA CLUBE/ACADEMIA NELSON MACHADO/SELJ-MARÍLIA-SP,SUB-13 MAS,55,10,25,10,10,,,,
,Deivid Senturião Frota Dos Santos ,TM OESTE PAULISTA–PRESIDENTE EPITÁCIO -SP,SUB-13 MAS,45,10,25,10,0,,,,
,Davi Da Silva Ramos,TM OESTE PAULISTA–PRESIDENTE EPITÁCIO -SP,SUB-13 MAS,45,25,10,10,0,,,,
,Breno Lucindo Da Silva,YARA CLUBE/ACADEMIA NELSON MACHADO/SELJ-MARÍLIA-SP,SUB-13 MAS,45,0,10,25,10,,,,
,Arthur Fernandes Bissoli ,TENIS DE MESA PAULISTA-OSVALDO CRUZ-SP,SUB-13 MAS,40,10,10,10,10,,,,
,Breno Eugenio Da Silva Mauro ,ASSOCIAÇÃO CULTURAL E DESPORTIVA DE ASSIS - SP,SUB-13 MAS,40,10,10,10,10,,,,
,Carlos Daniel Prates Miguel ,PRESIDENTE VENCESLAU-SP,SUB-13 MAS,40,10,10,10,10,,,,
,Carlos Eduardo Giroldo Rosignolli,ASSOCIAÇÃO OURINHENSE DE BEM ESTAR-SP,SUB-13 MAS,40,10,10,10,10,,,,
,Enrico Granella De Souza,YARA CLUBE/ACADEMIA NELSON MACHADO/SELJ-MARÍLIA-SP,SUB-13 MAS,40,10,10,10,10,,,,
,Gustavo Da Silva Freitas,ARAÇA PONG / SMELR ARAÇATUBA – SP,SUB-13 MAS,40,10,10,10,10,,,,
,Jefferson Felipe Gonçalves Lino ,PRESIDENTE VENCESLAU-SP,SUB-13 MAS,40,10,10,10,10,,,,
,Lucas Rafael Da Cruz Ribeiro.,PRESIDENTE VENCESLAU-SP,SUB-13 MAS,40,10,10,10,10,,,,
,Marcio Akira Rodrigues Iwata,ARAÇA PONG / SMELR ARAÇATUBA – SP,SUB-13 MAS,40,10,10,10,10,,,,
,Nicholas Sônego Araújo ,ARAÇA PONG / SMELR ARAÇATUBA – SP,SUB-13 MAS,40,10,10,10,10,,,,
,Nicolas Bertoncelo,ASSOC.DE T.M.OESTE PAULISTA-PRES.PRUDENTE-LIGA-SP,SUB-13 MAS,40,10,10,10,10,,,,
,Lorenço De Paula Infante,YARA CLUBE/ACADEMIA NELSON MACHADO/SELJ-MARÍLIA-SP,SUB-13 MAS,30,10,10,10,0,,,,
,Noah Nabeya Nishimura,ACERT TUPÃ - LIGA - SP,SUB-13 MAS,30,10,10,10,0,,,,
,Pedro Da Costa Prdraça,ASSOCIAÇÃO OURINHENSE DE BEM ESTAR-SP,SUB-13 MAS,30,10,10,10,0,,,,
,Samuel Ferreira Lima Rodrigues,TM OESTE PAULISTA–PRESIDENTE EPITÁCIO -SP,SUB-13 MAS,30,10,10,10,0,,,,
,Antonio Melios Cruz,ARAÇA PONG / SMELR ARAÇATUBA – SP,SUB-13 MAS,30,0,10,10,10,,,,
,Eduardo Montezano Pereira ,ACERT TUPÃ - LIGA - SP,SUB-13 MAS,30,0,10,10,10,,,,
,Isaac Arruda Antunes ,ASSOCIAÇÃO CULTURAL E DESPORTIVA DE ASSIS - SP,SUB-13 MAS,30,0,10,10,10,,,,
,Gabriel Henrique Varotto Bove,CLUBE LENÇOENSE DE TÊNIS DE MESA-LIGA-SP,SUB-13 MAS,30,10,0,10,10,,,,
,Alejandro Soprani Sousa Santos ,TM OESTE PAULISTA–PRESIDENTE EPITÁCIO -SP,SUB-13 MAS,20,10,10,0,0,,,,
,Pietro Domingos Bertoldi,TM OESTE PAULISTA–PRESIDENTE EPITÁCIO -SP,SUB-13 MAS,20,10,10,0,0,,,,
,Rafael Correia Guitierres,YARA CLUBE/ACADEMIA NELSON MACHADO/SELJ-MARÍLIA-SP,SUB-13 MAS,20,10,10,0,0,,,,
,Mathias Felipe Dos Reis,DRACENA TM-SP,SUB-13 MAS,20,0,10,0,10,,,,
,Arthur Lopes Favarin Da Silva ,TM OESTE PAULISTA LUCELIA-SP-LIGA,SUB-13 MAS,20,0,10,0,10,,,,
,Erick Rafael Rodrigues Lima,TM OESTE PAULISTA LUCELIA-SP-LIGA,SUB-13 MAS,20,0,10,0,10,,,,
,Gabriel Rodrigues Basso,TM OESTE PAULISTA LUCELIA-SP-LIGA,SUB-13 MAS,20,0,10,0,10,,,,
,José Eduardo Ortega Valério ,TM OESTE PAULISTA LUCELIA-SP-LIGA,SUB-13 MAS,20,0,10,0,10,,,,
,Matheus Alves De Oliveira ,BIRIGUI,SUB-13 MAS,20,0,10,0,10,,,,
,Renato Oliveira De Almeida ,TM OESTE PAULISTA LUCELIA-SP-LIGA,SUB-13 MAS,20,0,10,0,10,,,,
,Bilal Hawari,TM OESTE PAULISTA–PRESIDENTE EPITÁCIO -SP,SUB-13 MAS,10,0,0,10,0,,,,
,Cauã Vieira De Lacerda ,ASSOCIAÇÃO OURINHENSE DE BEM ESTAR-SP,SUB-13 MAS,10,0,0,10,0,,,,
,Jorge Luciano Rocha ,ASSOCIAÇÃO OURINHENSE DE BEM ESTAR-SP,SUB-13 MAS,10,0,0,10,0,,,,
,Mateus Alves Belai ,ASSOC. NOVA ERA DE T.M.-SP,SUB-13 MAS,10,0,0,10,0,,,,
,Mateus Violante Nogueira,YARA CLUBE/ACADEMIA NELSON MACHADO/SELJ-MARÍLIA-SP,SUB-13 MAS,10,0,0,10,0,,,,
,Nicolas Gonçalves Xavier ,ASSOCIAÇÃO OURINHENSE DE BEM ESTAR-SP,SUB-13 MAS,10,0,0,10,0,,,,
,Thiago Gois Padula,YARA CLUBE/ACADEMIA NELSON MACHADO/SELJ-MARÍLIA-SP,SUB-13 MAS,10,0,0,10,0,,,,
,Leonardo Sato Ceballos,DRACENA TM-SP,SUB-13 MAS,10,0,10,0,0,,,,
,Enzo Paschoalino Ceciliato Vasques,ASSOCIAÇÃO CULTURAL E DESPORTIVA DE ASSIS - SP,SUB-13 MAS,10,0,10,0,0,,,,
,Joao Victor Garcia Da Silva,ASSOCIAÇÃO CULTURAL E DESPORTIVA DE ASSIS - SP,SUB-13 MAS,10,0,10,0,0,,,,
,Lucas Paschoalino Ceciliato Vasques,ASSOCIAÇÃO CULTURAL E DESPORTIVA DE ASSIS - SP,SUB-13 MAS,10,0,10,0,0,,,,
,Otavio Luca Silverio Tomilheiro,ASSOCIAÇÃO CULTURAL E DESPORTIVA DE ASSIS - SP,SUB-13 MAS,10,0,10,0,0,,,,
,Domynnyke Marques Da Silva,TM OESTE PAULISTA–PRESIDENTE EPITÁCIO -SP,SUB-13 MAS,10,10,0,0,0,,,,
,Enzo Fernandes Spacca,NEW PONG ACADEMIA DE TÊNIS DE MESA/SJRP-SP,SUB-13 MAS,10,10,0,0,0,,,,
,Giovanni Berriel Vidotti,YARA CLUBE/ACADEMIA NELSON MACHADO/SELJ-MARÍLIA-SP,SUB-13 MAS,10,10,0,0,0,,,,
,Guilherme Shimizu Sasasaki,YARA CLUBE/ACADEMIA NELSON MACHADO/SELJ-MARÍLIA-SP,SUB-13 MAS,10,10,0,0,0,,,,
,Ian Kenzo Narimatsu,YARA CLUBE/ACADEMIA NELSON MACHADO/SELJ-MARÍLIA-SP,SUB-13 MAS,10,10,0,0,0,,,,
,Miguel Chagas De Almeida ,ASSOC. NOVA ERA DE T.M.-SP,SUB-13 MAS,10,10,0,0,0,,,,
,Rafael Pandolpho Stavarengo ,YARA CLUBE/ACADEMIA NELSON MACHADO/SELJ-MARÍLIA-SP,SUB-13 MAS,10,10,0,0,0,,,,
,Vinicius Shindi Sasasazaki Ikeda,YARA CLUBE/ACADEMIA NELSON MACHADO/SELJ-MARÍLIA-SP,SUB-13 MAS,10,10,0,0,0,,,,
,Arthur Possani Morales,ARAÇA PONG / SMELR ARAÇATUBA – SP,SUB-13 MAS,10,0,0,0,10,,,,
,Cláudio Roberto Leal Filho,ARAÇA PONG / SMELR ARAÇATUBA – SP,SUB-13 MAS,10,0,0,0,10,,,,
,Enzo Venancio Araujo,BIRIGUI-SP,SUB-13 MAS,10,0,0,0,10,,,,
,Mariana Fuzinato Pina Modesto,YARA CLUBE/ACADEMIA NELSON MACHADO/SELJ-MARÍLIA-SP,SUB-15 FEM,390,130,130,130,0,,,,
,Maria Fernanda Charantola,YARA CLUBE/ACADEMIA NELSON MACHADO/SELJ-MARÍLIA-SP,SUB-15 FEM,335,80,80,45,130,,,,
,Isis Sanches Tohyama,ASSOCIAÇÃO CULTURAL E DESPORTIVA DE ASSIS - SP,SUB-15 FEM,250,45,45,80,80,,,,
,Sarah Vitória De Lima Teixeira ,BIRIGUI,SUB-15 FEM,115,45,25,0,45,,,,
,Daniela Harue Kamikihara ,ARAÇA PONG / SMELR ARAÇATUBA – SP,SUB-15 FEM,95,25,25,45,0,,,,
,Agnys Cardoso Silva,BIRIGUI,SUB-15 FEM,95,25,45,0,25,,,,
,Mariana Fonseca Santos,PRESIDENTE VENCESLAU-SP,SUB-15 FEM,70,25,10,25,10,,,,
,Esther Rodrigues,ASSOCIAÇÃO KOBU-KAN DE ESPORTES-SP,SUB-15 FEM,55,0,10,0,45,,,,
,Kimberlly Cristiane De Aquino Cambuhy,ASSOCIAÇÃO KOBU-KAN DE ESPORTES-SP,SUB-15 FEM,50,0,25,0,25,,,,
,Júlia Belloto Siqueira,TM OESTE PAULISTA LUCELIA-SP-LIGA,SUB-15 FEM,35,0,25,0,10,,,,
,Maria Carla Barboza Do Vale,DRACENA TM-SP,SUB-15 FEM,35,25,0,0,10,,,,
,Júlia Marçal Leres ,MIRASSOL TENIS DE MESA,SUB-15 FEM,25,0,0,0,25,,,,
,Lara Gabrielly Souza Da Silva ,PRESIDENTE VENCESLAU-SP,SUB-15 FEM,25,0,0,0,25,,,,
,Manuela Carvalho Dos Santos ,TM OESTE PAULISTA LUCELIA-SP-LIGA,SUB-15 FEM,20,0,10,0,10,,,,
,Livia Fernanda Mestrinari,NEW PONG ACADEMIA DE TÊNIS DE MESA/SJRP-SP,SUB-15 FEM,10,0,10,0,0,,,,
,Beatriz Lopes Da Silva ,TM OESTE PAULISTA LUCELIA-SP-LIGA,SUB-15 FEM,10,0,0,0,10,,,,
,Margaret Nadine Ponce Cule,NEW PONG - SÃO JOSÉ DO RIO PRETO/SP - ACADEMIA DE TÊNIS DE MESA,SUB-15 FEM,10,0,0,0,10,,,,
,Pietra Teixeira Pereira Pupim,PRESIDENTE VENCESLAU-SP,SUB-15 FEM,10,0,0,0,10,,,,
,Sophia Griao Barroca,PRESIDENTE VENCESLAU-SP,SUB-15 FEM,10,0,0,0,10,,,,
,Gabriel Guilherme Mendes,CLUBE LENÇOENSE DE TÊNIS DE MESA-LIGA-SP,SUB-15 MAS,315,25,130,80,80,,,,
,Leonardo Amaku Ishikawa,YARA CLUBE/ACADEMIA NELSON MACHADO/SELJ-MARÍLIA-SP,SUB-15 MAS,205,25,25,25,130,,,,
,Vitor Paceli Ribeiro Junior,BIRIGUI,SUB-15 MAS,195,25,80,45,45,,,,
,Luca Esteves Magalhães,YARA CLUBE/ACADEMIA NELSON MACHADO/SELJ-MARÍLIA-SP,SUB-15 MAS,150,80,25,45,0,,,,
,William Eduardo Resende Bussom,NEW PONG ACADEMIA DE TÊNIS DE MESA/SJRP-SP,SUB-15 MAS,130,0,0,130,0,,,,
,Miguel Santana Dona,BIRIGUI,SUB-15 MAS,130,130,0,0,0,,,,
,Lucas Matheus Da Silva Ribeiro,DRACENA TM-SP,SUB-15 MAS,75,45,10,10,10,,,,
,Enzo Castrioto De Paula,ARAÇA PONG / SMELR ARAÇATUBA – SP,SUB-15 MAS,70,25,10,10,25,,,,
,Luiz Guilherme Ribeiro Queiroz,ASSOCIAÇÃO KOBU-KAN DE ESPORTES-SP,SUB-15 MAS,70,0,45,0,25,,,,
,Jose Claudio Magalhaes Reis,BIRIGUI,SUB-15 MAS,65,0,45,10,10,,,,
,Leonardo Porciúncula Abbondanza,ASSOC. NOVA ERA DE T.M.-SP,SUB-15 MAS,55,10,10,10,25,,,,
,Victor Hugo Rodrigues Alves,CLUBE LENÇOENSE DE TÊNIS DE MESA-LIGA-SP,SUB-15 MAS,55,10,10,25,10,,,,
,Guilherme Dos Santos Oliveira,NEW PONG ACADEMIA DE TÊNIS DE MESA/SJRP-SP,SUB-15 MAS,55,10,25,10,10,,,,
,Matheus Mologni Dos Santos,ACADEMIA FITPONG DE TÊNIS DE MESA-PR,SUB-15 MAS,45,45,0,0,0,,,,
,Fernando Puerto Basso,ASSOCIAÇÃO RCTM - SP,SUB-15 MAS,45,0,0,0,45,,,,
,Ruan Agostinho Curto,BIRIGUI,SUB-15 MAS,45,0,10,10,25,,,,
,Caetano Lopes Assem,YARA CLUBE/ACADEMIA NELSON MACHADO/SELJ-MARÍLIA-SP,SUB-15 MAS,40,10,10,10,10,,,,
,Caio Rodrigues Carvalho,CLUBE LENÇOENSE DE TÊNIS DE MESA-LIGA-SP,SUB-15 MAS,40,10,10,10,10,,,,
,Carlos Henrique Micadei Junior,CLUBE LENÇOENSE DE TÊNIS DE MESA-LIGA-SP,SUB-15 MAS,40,10,10,10,10,,,,
,Daniel Batista De Souza Fernandes ,DRACENA TM-SP,SUB-15 MAS,40,10,10,10,10,,,,
,Ellivelton Miranda Do Nascimento Junior,ASSOC. NOVA ERA DE T.M.-SP,SUB-15 MAS,40,10,10,10,10,,,,
,Enzo Hiroshi Marumoto Valentin,ASSOCIAÇÃO OURINHENSE DE BEM ESTAR-SP,SUB-15 MAS,40,10,10,10,10,,,,
,Felipe Antônio De Oliveira,TENIS DE MESA PAULISTA-OSVALDO CRUZ-SP,SUB-15 MAS,40,10,10,10,10,,,,
,Felipe Castellano Santos,TENIS DE MESA PAULISTA-OSVALDO CRUZ-SP,SUB-15 MAS,40,10,10,10,10,,,,
,Filipi De Arruda Pereira,ASSOC.DE T.M.OESTE PAULISTA-PRES.PRUDENTE-LIGA-SP,SUB-15 MAS,40,10,10,10,10,,,,
,Hugo Delai Ferreira Santos,TENIS DE MESA PAULISTA-OSVALDO CRUZ-SP,SUB-15 MAS,40,10,10,10,10,,,,
,Jean Chaves Rocha ,PRESIDENTE VENCESLAU-SP,SUB-15 MAS,40,10,10,10,10,,,,
,João Pedro Almagro Dos Santos Pereira,ASSOC. NOVA ERA DE T.M.-SP,SUB-15 MAS,40,10,10,10,10,,,,
,Kelwenn Guassú Da Silva,PRESIDENTE VENCESLAU-SP,SUB-15 MAS,40,10,10,10,10,,,,
,Leonardo Leonardi ,ASSOC. NOVA ERA DE T.M.-SP,SUB-15 MAS,40,10,10,10,10,,,,
,Lucas Tortola Rodrigues Pires,PRESIDENTE VENCESLAU-SP,SUB-15 MAS,40,10,10,10,10,,,,
,Luiz Gustavo Da Silva,CLUBE LENÇOENSE DE TÊNIS DE MESA-LIGA-SP,SUB-15 MAS,40,10,10,10,10,,,,
,Miguel Albieri Pigozzi,YARA CLUBE/ACADEMIA NELSON MACHADO/SELJ-MARÍLIA-SP,SUB-15 MAS,40,10,10,10,10,,,,
,Miguel Losnak Plana ,ASSOC. NOVA ERA DE T.M.-SP,SUB-15 MAS,40,10,10,10,10,,,,
,Vinicius Bertassi Panes,YARA CLUBE/ACADEMIA NELSON MACHADO/SELJ-MARÍLIA-SP,SUB-15 MAS,40,10,10,10,10,,,,
,Willian Gomes Pinheiro,TENIS DE MESA PAULISTA-OSVALDO CRUZ-SP,SUB-15 MAS,40,10,10,10,10,,,,
,Matheus De Oliveira Santos,TÊNIS DE MESA DE VOTUPORANGA-LIGA,SUB-15 MAS,35,0,0,25,10,,,,
,Matheus Henrique Santos Torregrosa,ASSOCIAÇÃO KOBU-KAN DE ESPORTES-SP,SUB-15 MAS,35,0,25,0,10,,,,
,Miguel Lista Saito ,ACERT TUPÃ - LIGA - SP,SUB-15 MAS,30,10,10,10,0,,,,
,Nicolas Nabeya Nishimura,ACERT TUPÃ - LIGA - SP,SUB-15 MAS,30,10,10,10,0,,,,
,Pedro Henrique Dos Santos De Santana,TM OESTE PAULISTA–PRESIDENTE EPITÁCIO -SP,SUB-15 MAS,30,10,10,10,0,,,,
,Adam Mataragia De Carvalho,NEW PONG ACADEMIA DE TÊNIS DE MESA/SJRP-SP,SUB-15 MAS,30,0,10,10,10,,,,
,João Pedro Possas Guimarães,ACERT TUPÃ - LIGA - SP,SUB-15 MAS,30,0,10,10,10,,,,
,João Pedro Silva De Moura ,PRESIDENTE VENCESLAU-SP,SUB-15 MAS,30,0,10,10,10,,,,
,Augusto Machi Bertucci,BIRIGUI,SUB-15 MAS,30,10,0,10,10,,,,
,Gabriel Willian Ragassi De Araujo,DRACENA TM-SP,SUB-15 MAS,30,10,10,0,10,,,,
,Matheus Luiz De Oliveira Miranda,YARA CLUBE/ACADEMIA NELSON MACHADO/SELJ-MARÍLIA-SP,SUB-15 MAS,30,10,10,0,10,,,,
,Matheus Martins De Abreu ,ARAÇA PONG / SMELR ARAÇATUBA – SP,SUB-15 MAS,30,10,10,0,10,,,,
,Gabriel Henrique Braga Augusto,ASSOCIAÇÃO OURINHENSE DE BEM ESTAR-SP,SUB-15 MAS,25,0,0,25,0,,,,
,Benjamin Martinez Tsen,ACERT TUPÃ - LIGA - SP,SUB-15 MAS,20,10,0,10,0,,,,
,Henrique Augusto Bicok Dos Santos,TÊNIS DE MESA DE VOTUPORANGA-LIGA,SUB-15 MAS,20,0,0,10,10,,,,
,Bruno Kaue Souza Belloto,TM OESTE PAULISTA LUCELIA-SP-LIGA,SUB-15 MAS,20,0,10,0,10,,,,
,Cauã Gabriel Flores De Lima,TM OESTE PAULISTA LUCELIA-SP-LIGA,SUB-15 MAS,20,0,10,0,10,,,,
,Gabriel José Targon Rodrigues,ASSOCIAÇÃO KOBU-KAN DE ESPORTES-SP,SUB-15 MAS,20,0,10,0,10,,,,
,João Vittor Alcantara De Souza,ASSOCIAÇÃO KOBU-KAN DE ESPORTES-SP,SUB-15 MAS,20,0,10,0,10,,,,
,Kauan Ryan De Souza,TM OESTE PAULISTA LUCELIA-SP-LIGA,SUB-15 MAS,20,0,10,0,10,,,,
,Kauan Victor Da Silva,TM OESTE PAULISTA LUCELIA-SP-LIGA,SUB-15 MAS,20,0,10,0,10,,,,
,Luís Otávio Garcia De Oliveira,ACERT TUPÃ - LIGA - SP,SUB-15 MAS,20,0,10,0,10,,,,
,Pedro Henrique Bastos De Melo,TM OESTE PAULISTA LUCELIA-SP-LIGA,SUB-15 MAS,20,0,10,0,10,,,,
,Rubens Henrique Franco,TM OESTE PAULISTA LUCELIA-SP-LIGA,SUB-15 MAS,20,0,10,0,10,,,,
,Yan Guilherme Rocha Amaral ,TM OESTE PAULISTA LUCELIA-SP-LIGA,SUB-15 MAS,20,0,10,0,10,,,,
,Carlos Eduardo Leite Lourenção,CLUBE LENÇOENSE DE TÊNIS DE MESA-LIGA-SP,SUB-15 MAS,20,0,10,0,10,,,,
,Enzo Beltrame Santos,ASSOC.JAUENSE DE T.M./PREFEITURA DE JAÚ-SP,SUB-15 MAS,10,0,0,10,0,,,,
,Leonardo Pieroni Ramirez,ASSOC. NOVA ERA DE T.M.-SP,SUB-15 MAS,10,0,0,10,0,,,,
,Matheus Macedo Brito,ASSOCIAÇÃO OURINHENSE DE BEM ESTAR-SP,SUB-15 MAS,10,0,0,10,0,,,,
,Pedro Augusto Ribeiro De Oliveira Souza,TM OESTE PAULISTA–PRESIDENTE EPITÁCIO -SP,SUB-15 MAS,10,0,0,10,0,,,,
,Benicio Luca Silverio Tomilheiro,ASSOCIAÇÃO CULTURAL E DESPORTIVA DE ASSIS - SP,SUB-15 MAS,10,0,10,0,0,,,,
,Felipe David Andreotti,ASSOCIAÇÃO CULTURAL E DESPORTIVA DE ASSIS - SP,SUB-15 MAS,10,0,10,0,0,,,,
,Hugo  Mazzetto Gomes,ASSOCIAÇÃO CULTURAL E DESPORTIVA DE ASSIS - SP,SUB-15 MAS,10,0,10,0,0,,,,
,Joao Gabriel Oliveira Lopes,YARA CLUBE/ACADEMIA NELSON MACHADO/SELJ-MARÍLIA-SP,SUB-15 MAS,10,0,10,0,0,,,,
,Murilo Placa Do Prado,CLUBE LENÇOENSE DE TÊNIS DE MESA-LIGA-SP,SUB-15 MAS,10,0,10,0,0,,,,
,Arthur Campos Duarte,ASSOC. NOVA ERA DE T.M.-SP,SUB-15 MAS,10,10,0,0,0,,,,
,Gabriel Da Silva Florêncio Araújo,TM OESTE PAULISTA–PRESIDENTE EPITÁCIO -SP,SUB-15 MAS,10,10,0,0,0,,,,
,Giovanni Fernandes,YARA CLUBE/ACADEMIA NELSON MACHADO/SELJ-MARÍLIA-SP,SUB-15 MAS,10,10,0,0,0,,,,
,Miguel Galhardo Bertaglia,BIRIGUI,SUB-15 MAS,10,10,0,0,0,,,,
,Philippi Gabriel Neves Da Silva,ACERT TUPÃ - LIGA - SP,SUB-15 MAS,10,10,0,0,0,,,,
,Vitor Ligeiro,YARA CLUBE/ACADEMIA NELSON MACHADO/SELJ-MARÍLIA-SP,SUB-15 MAS,10,10,0,0,0,,,,
,Wesley André Fernandes Dos Santos Pena,TENIS DE MESA PAULISTA-OSVALDO CRUZ-SP,SUB-15 MAS,10,10,0,0,0,,,,
,Arthur De Melo Figueira,BIRIGUI-SP,SUB-15 MAS,10,0,0,0,10,,,,
,Francisco Possani Morales,ARAÇA PONG / SMELR ARAÇATUBA – SP,SUB-15 MAS,10,0,0,0,10,,,,
,Gabriel Martins Delgado Longo,PRESIDENTE VENCESLAU-SP,SUB-15 MAS,10,0,0,0,10,,,,
,Guilherme Lima Teruel ,ARAÇA PONG / SMELR ARAÇATUBA – SP,SUB-15 MAS,10,0,0,0,10,,,,
,Paulo Vinicius Da Silva Medeiros,TENIS DE MESA PAULISTA-OSVALDO CRUZ-SP,SUB-15 MAS,0,0,0,0,0,,,,
,Pedro Yuma Tane,ASSOC. NOVA ERA DE T.M.-SP,SUB-15 MAS,0,0,0,0,0,,,,
,Gabriela Teixeira Spilari,YARA CLUBE/ACADEMIA NELSON MACHADO/SELJ-MARÍLIA-SP,SUB-19 FEM,340,130,130,80,0,,,,
,Ana Clara Pires Gonzales,ASSOC. NOVA ERA DE T.M.-SP,SUB-19 FEM,305,45,0,130,130,,,,
,Larissa Silva Dos Santos,ASSOCIAÇÃO CULTURAL E DESPORTIVA DE ASSIS - SP,SUB-19 FEM,285,80,80,45,80,,,,
,Amanda Yurie Nishioka Takatsuji,ARAÇA PONG / SMELR ARAÇATUBA – SP,SUB-19 FEM,160,45,45,45,25,,,,
,Beatriz De Sousa,NEW PONG ACADEMIA DE TÊNIS DE MESA/SJRP-SP,SUB-19 FEM,100,25,25,25,25,,,,
,Letícia Caroline Sant´Ana Ferreira,ARAÇA PONG / SMELR ARAÇATUBA – SP,SUB-19 FEM,100,25,25,25,25,,,,
,Ana Vitoria Conceição Lopes,TENIS DE MESA PAULISTA-OSVALDO CRUZ-SP,SUB-19 FEM,90,10,45,25,10,,,,
,Helena Guarnieri Ferreira ,ASSOC. NOVA ERA DE T.M.-SP,SUB-19 FEM,60,10,0,25,25,,,,
,Thabata G M Albertin,ASSOCIAÇÃO OURINHENSE DE BEM ESTAR-SP,SUB-19 FEM,50,25,25,0,0,,,,
,Manuella Malta Bistaffa,ARAÇA PONG / SMELR ARAÇATUBA – SP,SUB-19 FEM,45,0,0,0,45,,,,
,Mariana Fuzinato Pina Modesto,YARA CLUBE/ACADEMIA NELSON MACHADO/SELJ-MARÍLIA-SP,SUB-19 FEM,45,0,0,0,45,,,,
,Maria Eduarda Laborda Rodrigues ,ASSOC. NOVA ERA DE T.M.-SP,SUB-19 FEM,45,25,0,10,10,,,,
,Isabele Rodrigues Ferreira,NEW PONG ACADEMIA DE TÊNIS DE MESA/SJRP-SP,SUB-19 FEM,25,0,25,0,0,,,,
,Isabelly Mochiuti Mandú,TM OESTE PAULISTA LUCELIA-SP-LIGA,SUB-19 FEM,20,0,10,0,10,,,,
,Karoline Vasconcelos Basso,TM OESTE PAULISTA LUCELIA-SP-LIGA,SUB-19 FEM,20,0,10,0,10,,,,
,Késia Vitória Da Silva Santana,TM OESTE PAULISTA LUCELIA-SP-LIGA,SUB-19 FEM,20,0,10,0,10,,,,
,Samela Fernanda De Camargo,ASSOCIAÇÃO OURINHENSE DE BEM ESTAR-SP,SUB-19 FEM,10,0,10,0,0,,,,
,Izabella Lacava De Brito,YARA CLUBE/ACADEMIA NELSON MACHADO/SELJ-MARÍLIA-SP,SUB-19 FEM,10,10,0,0,0,,,,
,José Henrique Mariano,ASSOC. NOVA ERA DE T.M.-SP,SUB-19 MAS,520,130,130,130,130,,,,
,Kauê Augusto Ferreira Araújo,YARA CLUBE/ACADEMIA NELSON MACHADO/SELJ-MARÍLIA-SP,SUB-19 MAS,215,80,45,45,45,,,,
,Victor Pinhatar,ASSOC. NOVA ERA DE T.M.-SP,SUB-19 MAS,160,0,0,80,80,,,,
,Roberto Alves Taveira Neto,BIRIGUI,SUB-19 MAS,145,45,45,45,10,,,,
,Kauã Gabriel Partezani,NEW PONG ACADEMIA DE TÊNIS DE MESA/SJRP-SP,SUB-19 MAS,125,10,80,25,10,,,,
,Kevyn Oliveira Polli,TENIS DE MESA PAULISTA-OSVALDO CRUZ-SP,SUB-19 MAS,85,25,10,25,25,,,,
,Rauhã Segantine Da Graça,ASSOCIAÇÃO KOBU-KAN DE ESPORTES-SP,SUB-19 MAS,70,0,25,0,45,,,,
,Carlos Eduardo Gonçalves Suplano,YARA CLUBE/ACADEMIA NELSON MACHADO/SELJ-MARÍLIA-SP,SUB-19 MAS,70,25,10,25,10,,,,
,João Vitor Mendes Guilherme ,CLUBE LENÇOENSE DE TÊNIS DE MESA-LIGA-SP,SUB-19 MAS,55,10,25,10,10,,,,
,Caio P Bim,BIRIGUI,SUB-19 MAS,55,45,0,0,10,,,,
,Nicolas Moura Lasnou,MIRASSOL TENIS DE MESA,SUB-19 MAS,50,0,0,25,25,,,,
,Wesley Teh Kao,ARAÇA PONG / SMELR ARAÇATUBA – SP,SUB-19 MAS,45,10,10,0,25,,,,
,Bento De Morais Navarro,ASSOC. NOVA ERA DE T.M.-SP,SUB-19 MAS,40,10,10,10,10,,,,
,Bruno Rocha De Souza,TENIS DE MESA PAULISTA-OSVALDO CRUZ-SP,SUB-19 MAS,40,10,10,10,10,,,,
,Caio Guilherme Dias Marena,TENIS DE MESA PAULISTA-OSVALDO CRUZ-SP,SUB-19 MAS,40,10,10,10,10,,,,
,Heitor Tolentino Da Silva,TENIS DE MESA PAULISTA-OSVALDO CRUZ-SP,SUB-19 MAS,40,10,10,10,10,,,,
,João De Morais Navarro ,ASSOC. NOVA ERA DE T.M.-SP,SUB-19 MAS,40,10,10,10,10,,,,
,Lucas Garcia Rôa,ASSOC. NOVA ERA DE T.M.-SP,SUB-19 MAS,40,10,10,10,10,,,,
,Lucas Henrique Nascimento Nazo,TENIS DE MESA PAULISTA-OSVALDO CRUZ-SP,SUB-19 MAS,40,10,10,10,10,,,,
,Matheus Henzo Okada Esaki,YARA CLUBE/ACADEMIA NELSON MACHADO/SELJ-MARÍLIA-SP,SUB-19 MAS,40,10,10,10,10,,,,
,Paulo Andre  Potazio De Almeida,PRESIDENTE VENCESLAU-SP,SUB-19 MAS,40,10,10,10,10,,,,
,Filipe Rossi Costa,ASSOC.JAUENSE DE T.M./PREFEITURA DE JAÚ-SP,SUB-19 MAS,35,0,25,10,0,,,,
,Gustavo Da Silva Martinez ,TM OESTE PAULISTA–PRESIDENTE EPITÁCIO -SP,SUB-19 MAS,35,25,0,10,0,,,,
,Enzo Gimenez Seefelder ,ASSOCIAÇÃO CULTURAL E DESPORTIVA DE ASSIS - SP,SUB-19 MAS,35,25,10,0,0,,,,
,Thiago Luis Pereira,ASSOCIAÇÃO KOBU-KAN DE ESPORTES-SP,SUB-19 MAS,35,0,10,0,25,,,,
,Lucas Takaki Mendes De Carvalho,ARAÇA PONG / SMELR ARAÇATUBA – SP,SUB-19 MAS,35,0,25,0,10,,,,
,Gabriel Batista Spiller,ASSOCIAÇÃO OURINHENSE DE BEM ESTAR-SP,SUB-19 MAS,30,10,10,10,0,,,,
,Lucas Batista Spiller,ASSOCIAÇÃO OURINHENSE DE BEM ESTAR-SP,SUB-19 MAS,30,10,10,10,0,,,,
,Isaac Mantovani De Farias,TENIS DE MESA PAULISTA-OSVALDO CRUZ-SP,SUB-19 MAS,30,0,10,10,10,,,,
,Haroldo Evangelista De Souza,ASSOCIAÇÃO OURINHENSE DE BEM ESTAR-SP,SUB-19 MAS,30,0,10,10,10,,,,
,Samuel Isaque Bittencourt Da Silva,PRESIDENTE VENCESLAU-SP,SUB-19 MAS,30,10,10,0,10,,,,
,Eliel Jonas Pereira Júnior ,ACERT TUPÃ - LIGA - SP,SUB-19 MAS,20,0,10,10,0,,,,
,Guilherme Andrelino Evans ,TM OESTE PAULISTA–PRESIDENTE EPITÁCIO -SP,SUB-19 MAS,20,0,10,10,0,,,,
,João Victor Da Silva Ramos,TM OESTE PAULISTA–PRESIDENTE EPITÁCIO -SP,SUB-19 MAS,20,0,10,10,0,,,,
,Erick Kazuo Hinoue Morais,DRACENA TM-SP,SUB-19 MAS,20,10,10,0,0,,,,
,Rafael Eiji Hissamura,BIRIGUI,SUB-19 MAS,20,10,10,0,0,,,,
,Vinicius De Oliveira Silva,TENIS DE MESA PAULISTA-OSVALDO CRUZ-SP,SUB-19 MAS,20,10,10,0,0,,,,
,Mateus Guerrero Alpresi Freire ,ASSOC. NOVA ERA DE T.M.-SP,SUB-19 MAS,20,0,0,10,10,,,,
,Miguel Antônio Lahos ,BIRIGUI,SUB-19 MAS,20,0,0,10,10,,,,
,Andrey Kauê Nunes Bezerra,TM OESTE PAULISTA LUCELIA-SP-LIGA,SUB-19 MAS,20,0,10,0,10,,,,
,Gustavo Dos Santos Azevedo ,BIRIGUI,SUB-19 MAS,20,0,10,0,10,,,,
,Samuel De Souza Barbosa,ASSOCIAÇÃO KOBU-KAN DE ESPORTES-SP,SUB-19 MAS,20,0,10,0,10,,,,
,Tito Galvão Barbosa,ARAÇA PONG / SMELR ARAÇATUBA – SP,SUB-19 MAS,20,0,10,0,10,,,,
,Rayan Souza Tolardo,DRACENA TM-SP,SUB-19 MAS,20,10,0,0,10,,,,
,Abner Duarte Lima,CLUBE LENÇOENSE DE TÊNIS DE MESA-LIGA-SP,SUB-19 MAS,10,0,0,10,0,,,,
,João Ricardo Dos Reis Ferracini,NEW PONG ACADEMIA DE TÊNIS DE MESA/SJRP-SP,SUB-19 MAS,10,0,0,10,0,,,,
,Luiz Gustavo Lazarin Dos Santos,NEW PONG ACADEMIA DE TÊNIS DE MESA/SJRP-SP,SUB-19 MAS,10,0,0,10,0,,,,
,João Eduardo Ribeiro De Souza,ASSOCIAÇÃO CULTURAL E DESPORTIVA DE ASSIS - SP,SUB-19 MAS,10,0,10,0,0,,,,
,Luis Felipe Marques Hernandes Lemes ,ASSOCIAÇÃO CULTURAL E DESPORTIVA DE ASSIS - SP,SUB-19 MAS,10,0,10,0,0,,,,
,Luiz Fabiano Lima De Oliveira,PRESIDENTE VENCESLAU-SP,SUB-19 MAS,10,0,10,0,0,,,,
,Marcos Paulo Brambila ,TENIS DE MESA PAULISTA-OSVALDO CRUZ-SP,SUB-19 MAS,10,0,10,0,0,,,,
,Kauã Henrique Satyro Dos Santos,TM OESTE PAULISTA–PRESIDENTE EPITÁCIO -SP,SUB-19 MAS,10,10,0,0,0,,,,
,Mateus Gabriel Arriero Xavier ,ARAÇA PONG / SMELR ARAÇATUBA – SP,SUB-19 MAS,10,0,0,0,10,,,,
,Gustavo Pereira Soler ,BIRIGUI-SP,SUB-19 MAS,10,0,0,0,10,,,,
,Otávio Luis Pereira De Lima Silva,ARAÇA PONG / SMELR ARAÇATUBA – SP,SUB-19 MAS,10,0,0,0,10,,,,
,Willian Alex Pereira Alves ,TÊNIS DE MESA DE VOTUPORANGA-LIGA,SUB-19 MAS,10,0,0,0,10,,,,
,Ytalo Birochi Ataniel Silva,BIRIGUI-SP,SUB-19 MAS,10,0,0,0,10,,,,
,Daniel Henrique Gonçalves,TÊNIS DE MESA DE VOTUPORANGA-LIGA,SUB-19 MAS,0,0,0,0,0,,,,
,Maria Eloisa Menezes Pereira Balbino,YARA CLUBE/ACADEMIA NELSON MACHADO/SELJ-MARÍLIA-SP,SUB-21 FEM,520,130,130,130,130,,,,
,Sabrina Pinheiro Miranda,ASSOCIAÇÃO CULTURAL E DESPORTIVA DE ASSIS - SP,SUB-21 FEM,320,80,80,80,80,,,,
,Ana Clara Carvalho Mendonça ,ASSOC. NOVA ERA DE T.M.-SP,SUB-21 FEM,140,25,25,45,45,,,,
,Byatriz Martins Pereira,ASSOCIAÇÃO OURINHENSE DE BEM ESTAR-SP,SUB-21 FEM,135,45,45,45,0,,,,
,Juliana Pinheiro Rocha,YARA CLUBE/ACADEMIA NELSON MACHADO/SELJ-MARÍLIA-SP,SUB-21 FEM,90,45,45,0,0,,,,
,Helena Mendes Santos,ACERT TUPÃ - LIGA - SP,SUB-21 FEM,60,10,0,25,25,,,,
,Estela Yukari Nisiyama,NEW PONG ACADEMIA DE TÊNIS DE MESA/SJRP-SP,SUB-21 FEM,50,25,0,25,0,,,,
,Thabata G M Albertin,ASSOCIAÇÃO OURINHENSE DE BEM ESTAR-SP,SUB-21 FEM,50,0,0,25,25,,,,
,Jaqueline De Lima Varela,ARAÇA PONG / SMELR ARAÇATUBA – SP,SUB-21 FEM,45,0,0,0,45,,,,
,Samela Fernanda De Camargo,ASSOCIAÇÃO OURINHENSE DE BEM ESTAR-SP,SUB-21 FEM,25,0,0,25,0,,,,
,Fabiana Campos Castro De Carvalho,YARA CLUBE/ACADEMIA NELSON MACHADO/SELJ-MARÍLIA-SP,SUB-21 FEM,25,25,0,0,0,,,,
,Nathalia Mike Moura Nakai ,NEW PONG ACADEMIA DE TÊNIS DE MESA/SJRP-SP,SUB-21 FEM,25,25,0,0,0,,,,
,Tiago Fuzinato Pina Modesto,YARA CLUBE/ACADEMIA NELSON MACHADO/SELJ-MARÍLIA-SP,SUB-21 MAS,420,80,130,80,130,,,,
,Mateus Athaide Dos Santos Dos Reis,YARA CLUBE/ACADEMIA NELSON MACHADO/SELJ-MARÍLIA-SP,SUB-21 MAS,420,130,80,130,80,,,,
,Kaua Kevin Alves Cruz,YARA CLUBE/ACADEMIA NELSON MACHADO/SELJ-MARÍLIA-SP,SUB-21 MAS,145,45,45,10,45,,,,
,Carlos Eduardo Bonato,CLUBE LENÇOENSE DE TÊNIS DE MESA-LIGA-SP,SUB-21 MAS,140,25,45,45,25,,,,
,Kauan Shoji,ASSOC.DE T.M.OESTE PAULISTA-PRES.PRUDENTE-LIGA-SP,SUB-21 MAS,85,10,25,25,25,,,,
,Matheus  De Morais Batista,BIRIGUI,SUB-21 MAS,75,25,0,25,25,,,,
,Pedro Henrique Salvador,ASSOC. NOVA ERA DE T.M.-SP,SUB-21 MAS,70,25,0,45,0,,,,
,Rafael Eiji Hissamura,BIRIGUI,SUB-21 MAS,70,0,0,25,45,,,,
,Guilherme Alves Da Silveira,NEW PONG ACADEMIA DE TÊNIS DE MESA/SJRP-SP,SUB-21 MAS,65,45,0,10,10,,,,
,William Sanches Souza,CLUBE LENÇOENSE DE TÊNIS DE MESA-LIGA-SP,SUB-21 MAS,55,10,25,10,10,,,,
,Endric Menon Ribeiro,ASSOCIAÇÃO OURINHENSE DE BEM ESTAR-SP,SUB-21 MAS,45,10,25,10,0,,,,
,Pedro Henrique Dos Reis Da Silva ,PRESIDENTE VENCESLAU-SP,SUB-21 MAS,45,25,10,10,0,,,,
,Vinicius Araujo Ventura ,ASSOCIAÇÃO CULTURAL E DESPORTIVA DE ASSIS - SP,SUB-21 MAS,40,10,10,10,10,,,,
,Eduardo André De Oliveira ,TM OESTE PAULISTA–PRESIDENTE EPITÁCIO -SP,SUB-21 MAS,35,10,0,25,0,,,,
,Marcos Paulo Brambila ,TENIS DE MESA PAULISTA-OSVALDO CRUZ-SP,SUB-21 MAS,35,0,0,10,25,,,,
,Felipe Teixeira Marreira,ACERT TUPÃ - LIGA - SP,SUB-21 MAS,30,10,0,10,10,,,,
,Jean Pablo Nazo,TENIS DE MESA PAULISTA-OSVALDO CRUZ-SP,SUB-21 MAS,30,10,10,0,10,,,,
,Vinícius Marcolar Tavares,ASSOCIAÇÃO CULTURAL E DESPORTIVA DE ASSIS - SP,SUB-21 MAS,30,10,10,0,10,,,,
,Artur Bortoloci Zarelli,ASSOC.DE T.M.OESTE PAULISTA-PRES.PRUDENTE-LIGA-SP,SUB-21 MAS,25,0,25,0,0,,,,
,João Pedro Godoy ,ASSOC. NOVA ERA DE T.M.-SP,SUB-21 MAS,20,0,10,10,0,,,,
,Arthur Henrique Silva Dos Santos ,ASSOCIAÇÃO CULTURAL E DESPORTIVA DE ASSIS - SP,SUB-21 MAS,20,10,10,0,0,,,,
,Jefferson Gomes Carvalho,TM OESTE PAULISTA–PRESIDENTE EPITÁCIO -SP,SUB-21 MAS,10,0,0,10,0,,,,
,Lucas Ferrari Jaime,ASSOCIAÇÃO OURINHENSE DE BEM ESTAR-SP,SUB-21 MAS,10,0,0,10,0,,,,
,Benjamin Martinez Tsen,ACERT TUPÃ - LIGA - SP,SUB-21 MAS,10,0,10,0,0,,,,
,Renan Guilherme Silva Fontes,ASSOCIAÇÃO CULTURAL E DESPORTIVA DE ASSIS - SP,SUB-21 MAS,10,0,10,0,0,,,,
,Júlio Uehara Nogueira De Barros Leite,NEW PONG ACADEMIA DE TÊNIS DE MESA/SJRP-SP,SUB-21 MAS,0,0,0,0,0,,,,
,Sheila Souza,ASSOCIAÇÃO CULTURAL E DESPORTIVA DE ASSIS - SP,VETERANO 40 FEM,520,130,130,130,130,,,,
,Ana Paula Fumie Sakihama,ASSOCIAÇÃO CULTURAL E DESPORTIVA DE ASSIS - SP,VETERANO 40 FEM,285,80,45,80,80,,,,
,Rejane De Oliveira Pinto ,ACERT TUPÃ - LIGA - SP,VETERANO 40 FEM,180,45,45,45,45,,,,
,Mariana Rodrigues Gehre Chagas,ASSOC. NOVA ERA DE T.M.-SP,VETERANO 40 FEM,160,45,25,45,45,,,,
,Larissa Tassi Lobato,MASTER PONG TT ACADEMIA-SP,VETERANO 40 FEM,80,0,80,0,0,,,,
,Jany Lucia Mantovan Yassuda,NEW PONG ACADEMIA DE TÊNIS DE MESA/SJRP-SP,VETERANO 40 FEM,75,25,25,25,0,,,,
,Priscila Galbiatti Vespa Imamura,NEW PONG ACADEMIA DE TÊNIS DE MESA/SJRP-SP,VETERANO 40 FEM,50,0,25,25,0,,,,
,Graziela Ananias Soares Pistori ,ARAÇA PONG / SMELR ARAÇATUBA – SP,VETERANO 40 FEM,50,25,0,0,25,,,,
,Alexandre Bitencourt De Almeida,ASSOCIAÇÃO CULTURAL E DESPORTIVA DE ASSIS - SP,VETERANO 40 MAS,365,25,80,130,130,,,,
,Márcio José Barbosa   Lima,CLUBE LENÇOENSE DE TÊNIS DE MESA-LIGA-SP,VETERANO 40 MAS,300,45,130,80,45,,,,
,Fabio P Navarro,YARA CLUBE/ACADEMIA NELSON MACHADO/SELJ-MARÍLIA-SP,VETERANO 40 MAS,265,130,45,45,45,,,,
,Leandro De Andrade Tajero,ASSOCIAÇÃO CULTURAL E DESPORTIVA DE ASSIS - SP,VETERANO 40 MAS,250,80,45,45,80,,,,
,Paulo A. Pistori,ARAÇA PONG / SMELR ARAÇATUBA – SP,VETERANO 40 MAS,100,25,25,25,25,,,,
,Thiago Silva Cerqueira,ASSOC. NOVA ERA DE T.M.-SP,VETERANO 40 MAS,85,25,25,25,10,,,,
,Nilson Noboru Tohyama,ASSOCIAÇÃO CULTURAL E DESPORTIVA DE ASSIS - SP,VETERANO 40 MAS,75,25,25,0,25,,,,
,Giuliano Hideo Thomazini Fukasawa,PRESIDENTE VENCESLAU-SP,VETERANO 40 MAS,55,10,10,25,10,,,,
,Carlos De Oliveira,ASSOC. NOVA ERA DE T.M.-SP,VETERANO 40 MAS,45,10,10,25,0,,,,
,Marcio Makoto Missaka,ARTM/ACER - ROLÂNDIA - PR,VETERANO 40 MAS,45,45,0,0,0,,,,
,Denisson Gerez Silva,PRESIDENTE VENCESLAU-SP,VETERANO 40 MAS,45,0,10,10,25,,,,
,Ademir José De  Deus,BIRIGUI,VETERANO 40 MAS,45,10,10,0,25,,,,
,Carlos Alberto Maiello Junior ,ASSOC. NOVA ERA DE T.M.-SP,VETERANO 40 MAS,40,10,10,10,10,,,,
,Eduardo Oliveira Marques,YARA CLUBE/ACADEMIA NELSON MACHADO/SELJ-MARÍLIA-SP,VETERANO 40 MAS,40,10,10,10,10,,,,
,Gustavo Nishimura Aragaki,ACERT TUPÃ - LIGA - SP,VETERANO 40 MAS,40,10,10,10,10,,,,
,Kengi Ricardo Yassuda,NEW PONG ACADEMIA DE TÊNIS DE MESA/SJRP-SP,VETERANO 40 MAS,40,10,10,10,10,,,,
,Leonardo  L Pasquim,YARA CLUBE/ACADEMIA NELSON MACHADO/SELJ-MARÍLIA-SP,VETERANO 40 MAS,40,10,10,10,10,,,,
,Adriano Nogueira De Moraes ,ASSOCIAÇÃO CULTURAL E DESPORTIVA DE ASSIS - SP,VETERANO 40 MAS,30,10,10,10,0,,,,
,Carlos Tadeu Guioti,ASSOCIAÇÃO CULTURAL E DESPORTIVA DE ASSIS - SP,VETERANO 40 MAS,30,10,10,10,0,,,,
,Luiz Henrique Garrido De Melo ,ASSOCIAÇÃO CULTURAL E DESPORTIVA DE ASSIS - SP,VETERANO 40 MAS,30,10,10,10,0,,,,
,Rafael Molero Galdino,ASSOCIAÇÃO CULTURAL E DESPORTIVA DE ASSIS - SP,VETERANO 40 MAS,30,10,10,10,0,,,,
,Renato Silva Homse,ASSOCIAÇÃO CULTURAL E DESPORTIVA DE ASSIS - SP,VETERANO 40 MAS,30,10,10,10,0,,,,
,Marcos Vinicius Braga Paião,ASSOCIAÇÃO CULTURAL E DESPORTIVA DE ASSIS - SP,VETERANO 40 MAS,30,10,0,10,10,,,,
,Rafael Bernardo Messias,ASSOCIAÇÃO OURINHENSE DE BEM ESTAR-SP,VETERANO 40 MAS,30,10,10,0,10,,,,
,Thiago Cristiano Gense,ASSOC.DE T.M.OESTE PAULISTA-PRES.PRUDENTE-LIGA-SP,VETERANO 40 MAS,25,0,25,0,0,,,,
,Rogério Alves Fileto,TÊNIS DE MESA DE VOTUPORANGA-LIGA,VETERANO 40 MAS,20,0,0,10,10,,,,
,Fernando Luis Barbosa,ARAÇA PONG / SMELR ARAÇATUBA – SP,VETERANO 40 MAS,20,0,10,0,10,,,,
,Danilo Aparecido Da Silva,ACERT TUPÃ - LIGA - SP,VETERANO 40 MAS,20,10,0,0,10,,,,
,Gilmar Polônio Filho,ASSOCIAÇÃO OURINHENSE DE BEM ESTAR-SP,VETERANO 40 MAS,10,0,0,10,0,,,,
,Alan Francisco,ASSOCIAÇÃO CULTURAL E DESPORTIVA DE ASSIS - SP,VETERANO 40 MAS,10,0,10,0,0,,,,
,Ivo Santos ,ASSOCIAÇÃO CULTURAL E DESPORTIVA DE ASSIS - SP,VETERANO 40 MAS,10,0,10,0,0,,,,
,Tiago Evandro Spacca,NEW PONG ACADEMIA DE TÊNIS DE MESA/SJRP-SP,VETERANO 40 MAS,10,10,0,0,0,,,,
,Felipe Camelo Biagi,ARAÇA PONG / SMELR ARAÇATUBA – SP,VETERANO 40 MAS,10,0,0,0,10,,,,
,Humberto Basso,ASSOCIAÇÃO RCTM - SP,VETERANO 40 MAS,10,0,0,0,10,,,,
,Marcio Roberto D Elia ,MIRASSOL TENIS DE MESA,VETERANO 40 MAS,10,0,0,0,10,,,,
,Daniela O Lopes,ASSOCIAÇÃO CULTURAL E DESPORTIVA DE ASSIS - SP,VETERANO 50 FEM,520,130,130,130,130,,,,
,Laura Silvia De Almeida Misael ,ASSOCIAÇÃO CULTURAL E DESPORTIVA DE ASSIS - SP,VETERANO 50 FEM,285,80,80,45,80,,,,
,Miki Kaneko Hayashi,ACERT TUPÃ - LIGA - SP,VETERANO 50 FEM,135,0,45,45,45,,,,
,Claudia Sayuri Uenaka,ARAÇA PONG / SMELR ARAÇATUBA – SP,VETERANO 50 FEM,135,45,45,0,45,,,,
,Lucia Helena Moreli,ASSOCIAÇÃO CULTURAL E DESPORTIVA DE ASSIS - SP,VETERANO 50 FEM,95,45,25,25,0,,,,
,Monica Cristina Camargo Neves,YARA CLUBE/ACADEMIA NELSON MACHADO/SELJ-MARÍLIA-SP,VETERANO 50 FEM,80,0,0,80,0,,,,
,Marilice Barcarollo ,ASSOCIAÇÃO CULTURAL E DESPORTIVA DE ASSIS - SP,VETERANO 50 FEM,75,25,25,0,25,,,,
,Paula Sayuri Kamimoto,ACERT TUPÃ - LIGA - SP,VETERANO 50 FEM,50,25,25,0,0,,,,
,Ana Paula Palma Tomilheiro,ASSOCIAÇÃO CULTURAL E DESPORTIVA DE ASSIS - SP,VETERANO 50 FEM,25,0,25,0,0,,,,
,Sônia Regina Basso Copi,ASSOC. NOVA ERA DE T.M.-SP,VETERANO 50 FEM,0,0,0,0,0,,,,
,Alexandre Lazarim Caldeira,ARAÇA PONG / SMELR ARAÇATUBA – SP,VETERANO 50 MAS,470,130,80,130,130,,,,
,Rudemir Afonso Piassi,ASSOC. NOVA ERA DE T.M.-SP,VETERANO 50 MAS,185,25,0,80,80,,,,
,Fábio Tadayoshi Sazaki,ARTM/ACER - ROLÂNDIA - PR,VETERANO 50 MAS,160,45,45,25,45,,,,
,Fábio Mizutani,MASTER PONG TT ACADEMIA-SP,VETERANO 50 MAS,130,0,130,0,0,,,,
,Rodrigo Sé Patrício De Barros ,ASSOC. NOVA ERA DE T.M.-SP,VETERANO 50 MAS,125,10,45,45,25,,,,
,Jorge Luis De Campos,ASSOCIAÇÃO CULTURAL E DESPORTIVA DE ASSIS - SP,VETERANO 50 MAS,120,25,25,25,45,,,,
,Adilson Ossamu Kubo,ARTM/ACER - ROLÂNDIA - PR,VETERANO 50 MAS,105,45,25,10,25,,,,
,Acácio Benedicto Chaves,ASSOCIAÇÃO OURINHENSE DE BEM ESTAR-SP,VETERANO 50 MAS,85,10,25,25,25,,,,
,Wilson Roberto De Oliveira ,ASSOCIAÇÃO CULTURAL E DESPORTIVA DE ASSIS - SP,VETERANO 50 MAS,85,10,25,25,25,,,,
,Nelson Luís Machado,YARA CLUBE/ACADEMIA NELSON MACHADO/SELJ-MARÍLIA-SP,VETERANO 50 MAS,80,80,0,0,0,,,,
,Adalberto Corrêa Borges,ATEMEL/ACEL LONDRINA - PR,VETERANO 50 MAS,70,25,0,45,0,,,,
,Guilherme Mendes De Carvalho,ARAÇA PONG / SMELR ARAÇATUBA – SP,VETERANO 50 MAS,55,25,10,10,10,,,,
,Almir Rogério Bortoleto,NEW PONG ACADEMIA DE TÊNIS DE MESA/SJRP-SP,VETERANO 50 MAS,40,10,10,10,10,,,,
,Emerson Luís De Souza,ASSOCIAÇÃO CULTURAL E DESPORTIVA DE ASSIS - SP,VETERANO 50 MAS,40,10,10,10,10,,,,
,Luis Henrique Yoshimi Kubota,ASSOCIAÇÃO CULTURAL E DESPORTIVA DE ASSIS - SP,VETERANO 50 MAS,40,10,10,10,10,,,,
,Romeu Santos Martins,CLUBE LENÇOENSE DE TÊNIS DE MESA-LIGA-SP,VETERANO 50 MAS,40,10,10,10,10,,,,
,Sergio Tochiaki Sakai,ASSOC. NOVA ERA DE T.M.-SP,VETERANO 50 MAS,40,10,10,10,10,,,,
,Walmir Pereira Salmazzo,TM ÁLVARES MACHADO-LIGA-SP,VETERANO 50 MAS,40,10,10,10,10,,,,
,Ilson Cardoso De Araújo ,NEW PONG ACADEMIA DE TÊNIS DE MESA/SJRP-SP,VETERANO 50 MAS,30,10,10,10,0,,,,
,Fábio César Gomes,ASSOC.DE T.M.OESTE PAULISTA-PRES.PRUDENTE-LIGA-SP,VETERANO 50 MAS,30,0,10,10,10,,,,
,Alexandre Hideki Minamoto,ASSOC. NOVA ERA DE T.M.-SP,VETERANO 50 MAS,30,0,10,10,10,,,,
,Leandro Marques,ASSOCIAÇÃO OURINHENSE DE BEM ESTAR-SP,VETERANO 50 MAS,30,0,10,10,10,,,,
,Carlos Alberto Franzini Meirelles,DRACENA TM-SP,VETERANO 50 MAS,30,10,10,0,10,,,,
,José De Andrade Carvalho Neto,NEW PONG ACADEMIA DE TÊNIS DE MESA/SJRP-SP,VETERANO 50 MAS,30,10,10,0,10,,,,
,Fábio Hissayoshi Oku,ACERT TUPÃ - LIGA - SP,VETERANO 50 MAS,20,0,10,10,0,,,,
,Luciano De Lima,ASSOC.DE T.M.OESTE PAULISTA-PRES.PRUDENTE-LIGA-SP,VETERANO 50 MAS,20,10,10,0,0,,,,
,Carlos Eduardo De Aqunio,PRESIDENTE VENCESLAU-SP,VETERANO 50 MAS,20,10,10,0,0,,,,
,João Candido De Oliveira Porto,NEW PONG ACADEMIA DE TÊNIS DE MESA/SJRP-SP,VETERANO 50 MAS,20,10,0,0,10,,,,
,Auro Mitsuyoshi Sakuraba,ASSOCIAÇÃO CULTURAL E DESPORTIVA DE ASSIS - SP,VETERANO 50 MAS,10,0,10,0,0,,,,
,Marcelo Augusto Mestrinari,NEW PONG ACADEMIA DE TÊNIS DE MESA/SJRP-SP,VETERANO 50 MAS,10,0,10,0,0,,,,
,Élcio Inácio Júnior,ASSOCIAÇÃO CULTURAL E DESPORTIVA DE ASSIS - SP,VETERANO 50 MAS,10,10,0,0,0,,,,
,Renato Dias,ARAÇA PONG / SMELR ARAÇATUBA – SP,VETERANO 50 MAS,10,0,0,0,10,,,,
,Celia  Mayumi Ideriha,BIRIGUI,VETERANO 60 FEM,385,130,80,130,45,,,,
,Toyomi Adachi,ASSOC. NOVA ERA DE T.M.-SP,VETERANO 60 FEM,255,80,45,0,130,,,,
,Teresa Kimi Kumazawa Kato,BIRIGUI,VETERANO 60 FEM,180,45,45,45,45,,,,
,Mitiko Higashi Hatta Yamasaki,ARAÇA PONG / SMELR ARAÇATUBA – SP,VETERANO 60 FEM,155,25,25,80,25,,,,
,Ieda Maria Munhos Benedetti,ACERT TUPÃ - LIGA - SP,VETERANO 60 FEM,130,0,130,0,0,,,,
,Marly Akemi Sakaida,ASSOCIAÇÃO OURINHENSE DE BEM ESTAR-SP,VETERANO 60 FEM,115,45,25,45,0,,,,
,Monica Cristina Camargo Neves,YARA CLUBE/ACADEMIA NELSON MACHADO/SELJ-MARÍLIA-SP,VETERANO 60 FEM,80,0,0,0,80,,,,
,Maria Vanirde Volpi Da Silva,ACERT TUPÃ - LIGA - SP,VETERANO 60 FEM,25,0,0,25,0,,,,
,Aparecida Donizete Belini ,ASSOCIAÇÃO OURINHENSE DE BEM ESTAR-SP,VETERANO 60 FEM,25,0,0,25,0,,,,
,Helena Tomie Isechi Serikawa,CLUBE ITUANO DE ESPORTES-SP,VETERANO 60 FEM,25,0,25,0,0,,,,
,Olides  Millezi Júnior,ATEMEL/ACEL LONDRINA - PR,VETERANO 60 MAS,520,130,130,130,130,,,,
,Luiz  Roberto  Naves,ASSOCIAÇÃO CULTURAL E DESPORTIVA DE ASSIS - SP,VETERANO 60 MAS,250,80,45,45,80,,,,
,Carlos Eduardo Paula Perez,ASSOCIAÇÃO CULTURAL E DESPORTIVA DE ASSIS - SP,VETERANO 60 MAS,155,25,80,25,25,,,,
,Renato Bicalho Dias,ASSOC. NOVA ERA DE T.M.-SP,VETERANO 60 MAS,90,45,0,0,45,,,,
,Shindo Sumiyori,ASSOCIAÇÃO CULTURAL E DESPORTIVA DE ASSIS - SP,VETERANO 60 MAS,90,0,0,80,10,,,,
,Hugo Dummer,YARA CLUBE/ACADEMIA NELSON MACHADO/SELJ-MARÍLIA-SP,VETERANO 60 MAS,90,45,10,25,10,,,,
,Wolney Marcos Oliveira Chagas,BIRIGUI,VETERANO 60 MAS,85,10,25,25,25,,,,
,Walter Aparecido Canella,ACERT TUPÃ - LIGA - SP,VETERANO 60 MAS,75,25,0,25,25,,,,
,Luiz Carlos De Souza ,YARA CLUBE/ACADEMIA NELSON MACHADO/SELJ-MARÍLIA-SP,VETERANO 60 MAS,70,25,0,45,0,,,,
,José Lok Tchong,ACERT TUPÃ - LIGA - SP,VETERANO 60 MAS,70,25,25,10,10,,,,
,Nilton Pompeu,DRACENA TM-SP,VETERANO 60 MAS,65,10,45,0,10,,,,
,Celso Massaru Gakiya,ASSOC.DE T.M.OESTE PAULISTA-PRES.PRUDENTE-LIGA-SP,VETERANO 60 MAS,60,0,25,10,25,,,,
,Frank Onish,ASSOC.DE T.M.OESTE PAULISTA-PRES.PRUDENTE-LIGA-SP,VETERANO 60 MAS,45,0,0,0,45,,,,
,Valter Guarido Marques,CLUBE LENÇOENSE DE TÊNIS DE MESA-LIGA-SP,VETERANO 60 MAS,40,10,10,10,10,,,,
,Wilfredo Dario Yangali Villegas,ASSOC. NOVA ERA DE T.M.-SP,VETERANO 60 MAS,30,0,10,10,10,,,,
,Cristiano Amaral Di Giorgi,ASSOC.DE T.M.OESTE PAULISTA-PRES.PRUDENTE-LIGA-SP,VETERANO 60 MAS,25,0,25,0,0,,,,
,Ademir Ferreira De Souza,YARA CLUBE/ACADEMIA NELSON MACHADO/SELJ-MARÍLIA-SP,VETERANO 60 MAS,20,0,0,10,10,,,,
,Silvio Roberto Tassinari,ASSOCIAÇÃO OURINHENSE DE BEM ESTAR-SP,VETERANO 60 MAS,10,0,0,10,0,,,,
,Antonio Roberto Ruffino,ASSOC.DE T.M.OESTE PAULISTA-PRES.PRUDENTE-LIGA-SP,VETERANO 60 MAS,10,0,0,0,10,,,,
,Edison Baptista Barretto Neto,ARAÇA PONG / SMELR ARAÇATUBA – SP,VETERANO 60 MAS,10,0,0,0,10,,,,
,Shigueo Higashi Hatta,ARAÇA PONG / SMELR ARAÇATUBA – SP,VETERANO 60 MAS,10,0,0,0,10,,,,
,José Venâncio Roquejani,ASSOCIAÇÃO OURINHENSE DE BEM ESTAR-SP,VETERANO 60 MAS,0,0,0,0,0,,,,
,Helia Y  Yoshihara,TM ÁLVARES MACHADO-LIGA-SP,VETERANO 70 FEM,520,130,130,130,130,,,,
,Helena Yoshiko Matsueda,ARAÇA PONG / SMELR ARAÇATUBA – SP,VETERANO 70 FEM,240,80,80,80,0,,,,
,Leonice De Bastiani,ASSOCIAÇÃO OURINHENSE DE BEM ESTAR-SP,VETERANO 70 FEM,195,45,45,25,80,,,,
,Maria L T  Makino,ARAÇA PONG / SMELR ARAÇATUBA – SP,VETERANO 70 FEM,160,45,25,45,45,,,,
,Miyoko Uno Kakitani,ASSOCIAÇÃO OURINHENSE DE BEM ESTAR-SP,VETERANO 70 FEM,140,25,45,45,25,,,,
,Maria Helena Bottan Berengue,ACERT TUPÃ - LIGA - SP,VETERANO 70 FEM,100,25,25,25,25,,,,
,Maria Elena Da Silva,ASSOCIAÇÃO OURINHENSE DE BEM ESTAR-SP,VETERANO 70 FEM,95,25,0,25,45,,,,
,Neide Morales Da Silva,ACERT TUPÃ - LIGA - SP,VETERANO 70 FEM,50,25,25,0,0,,,,
,Vera Lucia Belini Pasqualini ,ASSOCIAÇÃO OURINHENSE DE BEM ESTAR-SP,VETERANO 70 FEM,25,0,0,25,0,,,,
,Loide Gouveia Cruz,ASSOC.DE T.M.OESTE PAULISTA-PRES.PRUDENTE-LIGA-SP,VETERANO 70 FEM,25,0,0,0,25,,,,
,Maria Do Carmo Piton De Oliveira,ASSOC.DE T.M.OESTE PAULISTA-PRES.PRUDENTE-LIGA-SP,VETERANO 70 FEM,25,0,0,0,25,,,,
,Mercedes Sanfelice Risso,ASSOCIAÇÃO CULTURAL E DESPORTIVA DE ASSIS - SP,VETERANO 70 FEM,10,0,0,10,0,,,,
,Nilton Toshio Takaoka,ATEMEL/ACEL LONDRINA - PR,VETERANO 70 MAS,340,130,0,80,130,,,,
,Teruo  Tarumoto,ASSOC.DE T.M.OESTE PAULISTA-PRES.PRUDENTE-LIGA-SP,VETERANO 70 MAS,250,80,45,45,80,,,,
,Francesco D J Passa,ASSOCIAÇÃO OURINHENSE DE BEM ESTAR-SP,VETERANO 70 MAS,200,45,25,130,0,,,,
,José Narciso Da Conceição Gesteiro,DRACENA TM-SP,VETERANO 70 MAS,180,25,130,25,0,,,,
,Jorge Atsuki Tsukada,ASSOC. NOVA ERA DE T.M.-SP,VETERANO 70 MAS,160,10,80,25,45,,,,
,Rubens Francisco De Campos Junior,ASSOC. NOVA ERA DE T.M.-SP,VETERANO 70 MAS,140,25,25,45,45,,,,
,Mario Minoru Tohyama,ASSOCIAÇÃO CULTURAL E DESPORTIVA DE ASSIS - SP,VETERANO 70 MAS,70,45,0,0,25,,,,
,Eugênio Valentim Balan,ASSOC.DE T.M.OESTE PAULISTA-PRES.PRUDENTE-LIGA-SP,VETERANO 70 MAS,45,0,45,0,0,,,,
,Ivo De Almeida Mariano,ACERT TUPÃ - LIGA - SP,VETERANO 70 MAS,35,10,25,0,0,,,,
,Mario Ferreira Da Silva,YARA CLUBE/ACADEMIA NELSON MACHADO/SELJ-MARÍLIA-SP,VETERANO 70 MAS,35,10,25,0,0,,,,
,Mario Miguel Risso,ASSOCIAÇÃO CULTURAL E DESPORTIVA DE ASSIS - SP,VETERANO 70 MAS,25,0,0,25,0,,,,
,Fernando Milanese,YARA CLUBE/ACADEMIA NELSON MACHADO/SELJ-MARÍLIA-SP,VETERANO 70 MAS,25,25,0,0,0,,,,
,Paulo Shigueru Yamakami,DRACENA TM-SP,VETERANO 70 MAS,25,25,0,0,0,,,,
,Jobayr Antônio Amaral ,ASSOC. NOVA ERA DE T.M.-SP,VETERANO 70 MAS,25,0,0,0,25,,,,
,YARA CLUBE/ACADEMIA NELSON MACHADO/SELJ-MARÍLIA-SP,YARA CLUBE/ACADEMIA NELSON MACHADO/SELJ-MARÍLIA-SP,TROFÉU EFICIÊNCIA,9345,2750,2245,2070,2280,,,,
,ASSOCIAÇÃO CULTURAL E DESPORTIVA DE ASSIS - SP,ASSOCIAÇÃO CULTURAL E DESPORTIVA DE ASSIS - SP,TROFÉU EFICIÊNCIA,6060,1390,1630,1555,1485,,,,
,ASSOC. NOVA ERA DE T.M.-SP,ASSOC. NOVA ERA DE T.M.-SP,TROFÉU EFICIÊNCIA,3300,795,500,875,1130,,,,
,ASSOCIAÇÃO OURINHENSE DE BEM ESTAR-SP,ASSOCIAÇÃO OURINHENSE DE BEM ESTAR-SP,TROFÉU EFICIÊNCIA,3125,560,720,1300,545,,,,
,ARAÇA PONG / SMELR ARAÇATUBA – SP,ARAÇA PONG / SMELR ARAÇATUBA – SP,TROFÉU EFICIÊNCIA,2775,640,600,725,810,,,,
,BIRIGUI,BIRIGUI,TROFÉU EFICIÊNCIA,2270,740,505,495,530,,,,
,NEW PONG ACADEMIA DE TÊNIS DE MESA/SJRP-SP,NEW PONG ACADEMIA DE TÊNIS DE MESA/SJRP-SP,TROFÉU EFICIÊNCIA,1590,390,485,500,215,,,,
,ACERT TUPÃ - LIGA - SP,ACERT TUPÃ - LIGA - SP,TROFÉU EFICIÊNCIA,1395,265,560,240,330,,,,
,CLUBE LENÇOENSE DE TÊNIS DE MESA-LIGA-SP,CLUBE LENÇOENSE DE TÊNIS DE MESA-LIGA-SP,TROFÉU EFICIÊNCIA,1190,225,460,275,230,,,,
,ATEMEL/ACEL LONDRINA - PR,ATEMEL/ACEL LONDRINA - PR,TROFÉU EFICIÊNCIA,975,330,130,255,260,,,,
,TENIS DE MESA PAULISTA-OSVALDO CRUZ-SP,TENIS DE MESA PAULISTA-OSVALDO CRUZ-SP,TROFÉU EFICIÊNCIA,645,145,165,145,190,,,,
,ASSOC.DE T.M.OESTE PAULISTA-PRES.PRUDENTE-LIGA-SP,ASSOC.DE T.M.OESTE PAULISTA-PRES.PRUDENTE-LIGA-SP,TROFÉU EFICIÊNCIA,590,80,215,95,200,,,,
,PRESIDENTE VENCESLAU-SP,PRESIDENTE VENCESLAU-SP,TROFÉU EFICIÊNCIA,545,145,70,165,165,,,,
,TM ÁLVARES MACHADO-LIGA-SP,TM ÁLVARES MACHADO-LIGA-SP,TROFÉU EFICIÊNCIA,520,130,130,130,130,,,,
,MIRASSOL TENIS DE MESA,MIRASSOL TENIS DE MESA,TROFÉU EFICIÊNCIA,365,0,0,25,340,,,,
,DRACENA TM-SP,DRACENA TM-SP,TROFÉU EFICIÊNCIA,330,120,175,25,10,,,,
,TM OESTE PAULISTA–PRESIDENTE EPITÁCIO -SP,TM OESTE PAULISTA–PRESIDENTE EPITÁCIO -SP,TROFÉU EFICIÊNCIA,275,75,105,70,25,,,,
,ASSOCIAÇÃO NIKKEY SÃO JOSÉ DOS CAMPOS - SP,ASSOCIAÇÃO NIKKEY SÃO JOSÉ DOS CAMPOS - SP,TROFÉU EFICIÊNCIA,260,130,130,0,0,,,,
,ARTM/ACER - ROLÂNDIA - PR,ARTM/ACER - ROLÂNDIA - PR,TROFÉU EFICIÊNCIA,240,135,70,25,10,,,,
,MASTER PONG TT ACADEMIA-SP,MASTER PONG TT ACADEMIA-SP,TROFÉU EFICIÊNCIA,210,0,210,0,0,,,,
,ASSOC.JAUENSE DE T.M./PREFEITURA DE JAÚ-SP,ASSOC.JAUENSE DE T.M./PREFEITURA DE JAÚ-SP,TROFÉU EFICIÊNCIA,155,0,25,130,0,,,,
,SESI-SP/INSTITUTO MATOSTT,SESI-SP/INSTITUTO MATOSTT,TROFÉU EFICIÊNCIA,130,130,0,0,0,,,,
,ASSOCIAÇÃO KOBU-KAN DE ESPORTES-SP,ASSOCIAÇÃO KOBU-KAN DE ESPORTES-SP,TROFÉU EFICIÊNCIA,120,0,120,0,0,,,,
,ASSOCIAÇÃO RCTM - SP,ASSOCIAÇÃO RCTM - SP,TROFÉU EFICIÊNCIA,115,0,0,0,115,,,,
,TM OESTE PAULISTA LUCELIA-SP-LIGA,TM OESTE PAULISTA LUCELIA-SP-LIGA,TROFÉU EFICIÊNCIA,75,0,50,0,25,,,,
,TÊNIS DE MESA DE VOTUPORANGA-LIGA,TÊNIS DE MESA DE VOTUPORANGA-LIGA,TROFÉU EFICIÊNCIA,35,0,0,25,10,,,,
,CLUBE ITUANO DE ESPORTES-SP,CLUBE ITUANO DE ESPORTES-SP,TROFÉU EFICIÊNCIA,25,0,25,0,0,,,,
,ACADEMIA FITPONG DE TÊNIS DE MESA-PR,ACADEMIA FITPONG DE TÊNIS DE MESA-PR,TROFÉU EFICIÊNCIA,20,10,10,0,0,,,,
,TECHPONG ACADEMY/TIBHAR/COC SANTA CATARINA - SC,TECHPONG ACADEMY/TIBHAR/COC SANTA CATARINA - SC,TROFÉU EFICIÊNCIA,20,10,0,10,0,,,,
,JOÃO PEDRO RIBEIRO MIRA,ASSOCIAÇÃO CULTURAL E DESPORTIVA DE ASSIS - SP,RATING MAS,385,45,130,130,80,,,,
,MÁRCIO JOSÉ BARBOSA   LIMA,CLUBE LENÇOENSE DE TÊNIS DE MESA-LIGA-SP,RATING MAS,280,25,80,45,130,,,,
,BRUNO HENRIQUE PIMENTEL,NEW PONG ACADEMIA DE TÊNIS DE MESA/SJRP-SP,RATING MAS,195,25,45,80,45,,,,
,BRENO PANINI SOUZA,ASSOC. NOVA ERA DE T.M.-SP,RATING MAS,175,130,0,0,45,,,,
,KHRISTOPHER KEISKE OGASAWARA,ASSOC. NOVA ERA DE T.M.-SP,RATING MAS,105,80,0,0,25,,,,
,JOSÉ HENRIQUE MARIANO,ASSOC. NOVA ERA DE T.M.-SP,RATING MAS,95,45,25,0,25,,,,
,FÁBIO JORGE VICCARI,ASSOC. NOVA ERA DE T.M.-SP,RATING MAS,50,25,25,0,0,,,,
,Guilherme Cesar Ferreira Furtado,ASSOCIAÇÃO CULTURAL E DESPORTIVA DE ASSIS - SP,RATING MAS,45,0,45,0,0,,,,
,WILLIAM EDUARDO RESENDE BUSSOM,NEW PONG ACADEMIA DE TÊNIS DE MESA/SJRP-SP,RATING MAS,45,0,0,45,0,,,,
,CLAUDIO MASSAD,SESI-SP/INSTITUTO MATOSTT,RATING MAS,25,25,0,0,0,,,,
,Fábio Mizutani,MASTER PONG TT ACADEMIA-SP,RATING MAS,25,0,25,0,0,,,,
,Wilson Roberto De Oliveira ,ASSOCIAÇÃO CULTURAL E DESPORTIVA DE ASSIS - SP,RATING MAS,25,0,25,0,0,,,,
,ACÁCIO BENEDICTO CHAVES,ASSOCIAÇÃO OURINHENSE DE BEM ESTAR-SP,RATING MAS,25,0,0,25,0,,,,
,ANDRÉ EN LIH LIANG,NEW PONG ACADEMIA DE TÊNIS DE MESA/SJRP-SP,RATING MAS,25,0,0,25,0,,,,
,CAETANO MORAES CAVEDAL,NEW PONG ACADEMIA DE TÊNIS DE MESA/SJRP-SP,RATING MAS,25,0,0,25,0,,,,
,LUCAS M MARQUES,ASSOCIAÇÃO OURINHENSE DE BEM ESTAR-SP,RATING MAS,25,0,0,25,0,,,,
,EDNEI CARLOS DA SILVA,BIRIGUI,RATING MAS,25,0,0,0,25,,,,
,LUIS G. VILELA,ARAÇA PONG,RATING MAS,25,0,0,0,25,,,,
,Ana Clara Pires Gonzales,ASSOC. NOVA ERA DE T.M.-SP,RATING FEM,260,130,0,0,130,,,,
,Larissa Tassi Lobato,MASTER PONG TT ACADEMIA-SP,RATING FEM,130,0,130,0,0,,,,
,Isis Sanches Tohyama,ASSOCIAÇÃO CULTURAL E DESPORTIVA DE ASSIS - SP,RATING FEM,105,25,0,0,80,,,,
,Ana Claudia Cressoni De Conti,NEW PONG ACADEMIA DE TÊNIS DE MESA/SJRP-SP,RATING FEM,80,80,0,0,0,,,,
,Helena Tomie Isechi Serikawa,CLUBE ITUANO DE ESPORTES-SP,RATING FEM,80,0,80,0,0,,,,
,Mariana Fuzinato Pina Modesto,YARA CLUBE/ACADEMIA NELSON MACHADO/SELJ-MARÍLIA-SP,RATING FEM,45,45,0,0,0,,,,
,Nathalia Mike Moura Nakai ,NEW PONG ACADEMIA DE TÊNIS DE MESA/SJRP-SP,RATING FEM,45,45,0,0,0,,,,
,GISELA MARIA SANTOS BRONZE,ARAÇA PONG / SMELR ARAÇATUBA – SP,RATING FEM,45,0,0,0,45,,,,
,Ana Clara Carvalho Mendonça ,ASSOC. NOVA ERA DE T.M.-SP,RATING FEM,25,25,0,0,0,,,,
,Toyomi Adachi,ASSOC. NOVA ERA DE T.M.-SP,RATING FEM,25,25,0,0,0,,,,
,Lara Pereira De Souza,NEW PONG ACADEMIA DE TÊNIS DE MESA/SJRP-SP,RATING FEM,25,25,0,0,0,,,,
,ÉTORE VINÍCIUS LAZARINI,YARA CLUBE/ACADEMIA NELSON MACHADO/SELJ-MARÍLIA-SP,RAT PARALIMPICO,290,130,80,0,80,,,,
,JEFFERSON FELIPE GONÇALVES LINO ,PRESIDENTE VENCESLAU-SP,RAT PARALIMPICO,170,80,45,0,45,,,,
,JOSE RAFAEL OLIVEIRA DONIZETTI LOPES,YARA CLUBE/ACADEMIA NELSON MACHADO/SELJ-MARÍLIA-SP,RAT PARALIMPICO,130,0,130,0,0,,,,
,MATEUS GABRIEL ARRIERO XAVIER ,ARAÇA PONG / SMELR ARAÇATUBA – SP,RAT PARALIMPICO,130,0,0,0,130,,,,
,Luana de Lima,NEW PONG ACADEMIA DE TÊNIS DE MESA/SJRP-SP,RAT PARALIMPICO,90,0,45,0,45,,,,